起始角色行ID,道具字段,旧值,新值,数量字段,旧值,新值
3000,item_09,-1,2001431,itemNum_09,0,1
3001,item_09,-1,2001431,itemNum_09,0,1
3002,item_09,-1,2001431,itemNum_09,0,1
3003,item_09,-1,2001431,itemNum_09,0,1
3004,item_09,-1,2001431,itemNum_09,0,1
3005,item_09,-1,2001431,itemNum_09,0,1
3006,item_09,-1,2001431,itemNum_09,0,1
3007,item_09,-1,2001431,itemNum_09,0,1
3008,item_09,-1,2001431,itemNum_09,0,1
3009,item_09,-1,2001431,itemNum_09,0,1
3010,item_01,-1,2001431,itemNum_01,0,1
3011,item_01,-1,2001431,itemNum_01,0,1
