参数表,行 ID,字段,v0.7,v0.8,原因
MenuCommonParam,0,playerMaxHpLimit,28520,42780,血条显示长度再缩至 1/1.5
MenuCommonParam,0,playerMaxMpLimit,3300,6600,蓝条显示长度缩至一半
MenuCommonParam,0,playerMaxSpLimit,1920,960,绿条显示长度扩大至 2 倍（实际精力另调整）
CalcCorrectGraph,104,stageMaxGrowVal1,90.0,110.0,集中力以外，恢复并扩展耐力成长；99 耐力基础精力约 220
CalcCorrectGraph,104,stageMaxGrowVal2,100.0,145.0,集中力以外，恢复并扩展耐力成长；99 耐力基础精力约 220
CalcCorrectGraph,104,stageMaxGrowVal3,110.0,185.0,集中力以外，恢复并扩展耐力成长；99 耐力基础精力约 220
CalcCorrectGraph,104,stageMaxGrowVal4,120.0,220.0,集中力以外，恢复并扩展耐力成长；99 耐力基础精力约 220
ThrowParam,10,whole_official_row,Ascended v0.7,official 1.17.1,恢复原版处决位置、角度、动作和跟随时间
ThrowParam,11,whole_official_row,Ascended v0.7,official 1.17.1,恢复原版处决位置、角度、动作和跟随时间
ThrowParam,20,whole_official_row,Ascended v0.7,official 1.17.1,恢复原版处决位置、角度、动作和跟随时间
ThrowParam,10000000,whole_official_row,Ascended v0.7,official 1.17.1,恢复原版处决位置、角度、动作和跟随时间
ThrowParam,13201000,whole_official_row,Ascended v0.7,official 1.17.1,恢复原版处决位置、角度、动作和跟随时间
ThrowParam,13210000,whole_official_row,Ascended v0.7,official 1.17.1,恢复原版处决位置、角度、动作和跟随时间
ThrowParam,13250000,whole_official_row,Ascended v0.7,official 1.17.1,恢复原版处决位置、角度、动作和跟随时间
ThrowParam,13300000,whole_official_row,Ascended v0.7,official 1.17.1,恢复原版处决位置、角度、动作和跟随时间
ThrowParam,13301000,whole_official_row,Ascended v0.7,official 1.17.1,恢复原版处决位置、角度、动作和跟随时间
ThrowParam,13302000,whole_official_row,Ascended v0.7,official 1.17.1,恢复原版处决位置、角度、动作和跟随时间
ThrowParam,13306000,whole_official_row,Ascended v0.7,official 1.17.1,恢复原版处决位置、角度、动作和跟随时间
ThrowParam,13306100,whole_official_row,Ascended v0.7,official 1.17.1,恢复原版处决位置、角度、动作和跟随时间
ThrowParam,13307000,whole_official_row,Ascended v0.7,official 1.17.1,恢复原版处决位置、角度、动作和跟随时间
ThrowParam,13308000,whole_official_row,Ascended v0.7,official 1.17.1,恢复原版处决位置、角度、动作和跟随时间
ThrowParam,13315000,whole_official_row,Ascended v0.7,official 1.17.1,恢复原版处决位置、角度、动作和跟随时间
ThrowParam,13320000,whole_official_row,Ascended v0.7,official 1.17.1,恢复原版处决位置、角度、动作和跟随时间
ThrowParam,13320100,whole_official_row,Ascended v0.7,official 1.17.1,恢复原版处决位置、角度、动作和跟随时间
ThrowParam,13330000,whole_official_row,Ascended v0.7,official 1.17.1,恢复原版处决位置、角度、动作和跟随时间
ThrowParam,13335000,whole_official_row,Ascended v0.7,official 1.17.1,恢复原版处决位置、角度、动作和跟随时间
ThrowParam,13336000,whole_official_row,Ascended v0.7,official 1.17.1,恢复原版处决位置、角度、动作和跟随时间
ThrowParam,13336100,whole_official_row,Ascended v0.7,official 1.17.1,恢复原版处决位置、角度、动作和跟随时间
ThrowParam,13337000,whole_official_row,Ascended v0.7,official 1.17.1,恢复原版处决位置、角度、动作和跟随时间
ThrowParam,13337100,whole_official_row,Ascended v0.7,official 1.17.1,恢复原版处决位置、角度、动作和跟随时间
ThrowParam,13340000,whole_official_row,Ascended v0.7,official 1.17.1,恢复原版处决位置、角度、动作和跟随时间
ThrowParam,13345000,whole_official_row,Ascended v0.7,official 1.17.1,恢复原版处决位置、角度、动作和跟随时间
ThrowParam,13345100,whole_official_row,Ascended v0.7,official 1.17.1,恢复原版处决位置、角度、动作和跟随时间
ThrowParam,13346000,whole_official_row,Ascended v0.7,official 1.17.1,恢复原版处决位置、角度、动作和跟随时间
ThrowParam,13347000,whole_official_row,Ascended v0.7,official 1.17.1,恢复原版处决位置、角度、动作和跟随时间
ThrowParam,13347100,whole_official_row,Ascended v0.7,official 1.17.1,恢复原版处决位置、角度、动作和跟随时间
ThrowParam,13350000,whole_official_row,Ascended v0.7,official 1.17.1,恢复原版处决位置、角度、动作和跟随时间
ThrowParam,13351000,whole_official_row,Ascended v0.7,official 1.17.1,恢复原版处决位置、角度、动作和跟随时间
ThrowParam,13355000,whole_official_row,Ascended v0.7,official 1.17.1,恢复原版处决位置、角度、动作和跟随时间
ThrowParam,13361000,whole_official_row,Ascended v0.7,official 1.17.1,恢复原版处决位置、角度、动作和跟随时间
ThrowParam,13362000,whole_official_row,Ascended v0.7,official 1.17.1,恢复原版处决位置、角度、动作和跟随时间
ThrowParam,13365000,whole_official_row,Ascended v0.7,official 1.17.1,恢复原版处决位置、角度、动作和跟随时间
ThrowParam,13366000,whole_official_row,Ascended v0.7,official 1.17.1,恢复原版处决位置、角度、动作和跟随时间
ThrowParam,13366100,whole_official_row,Ascended v0.7,official 1.17.1,恢复原版处决位置、角度、动作和跟随时间
ThrowParam,13366200,whole_official_row,Ascended v0.7,official 1.17.1,恢复原版处决位置、角度、动作和跟随时间
ThrowParam,13366400,whole_official_row,Ascended v0.7,official 1.17.1,恢复原版处决位置、角度、动作和跟随时间
ThrowParam,13366500,whole_official_row,Ascended v0.7,official 1.17.1,恢复原版处决位置、角度、动作和跟随时间
ThrowParam,13370000,whole_official_row,Ascended v0.7,official 1.17.1,恢复原版处决位置、角度、动作和跟随时间
ThrowParam,13370100,whole_official_row,Ascended v0.7,official 1.17.1,恢复原版处决位置、角度、动作和跟随时间
ThrowParam,13370200,whole_official_row,Ascended v0.7,official 1.17.1,恢复原版处决位置、角度、动作和跟随时间
ThrowParam,13370300,whole_official_row,Ascended v0.7,official 1.17.1,恢复原版处决位置、角度、动作和跟随时间
ThrowParam,13370400,whole_official_row,Ascended v0.7,official 1.17.1,恢复原版处决位置、角度、动作和跟随时间
ThrowParam,13375000,whole_official_row,Ascended v0.7,official 1.17.1,恢复原版处决位置、角度、动作和跟随时间
ThrowParam,13380000,whole_official_row,Ascended v0.7,official 1.17.1,恢复原版处决位置、角度、动作和跟随时间
ThrowParam,13381000,whole_official_row,Ascended v0.7,official 1.17.1,恢复原版处决位置、角度、动作和跟随时间
ThrowParam,13385000,whole_official_row,Ascended v0.7,official 1.17.1,恢复原版处决位置、角度、动作和跟随时间
ThrowParam,13386000,whole_official_row,Ascended v0.7,official 1.17.1,恢复原版处决位置、角度、动作和跟随时间
ThrowParam,13390000,whole_official_row,Ascended v0.7,official 1.17.1,恢复原版处决位置、角度、动作和跟随时间
ThrowParam,13390100,whole_official_row,Ascended v0.7,official 1.17.1,恢复原版处决位置、角度、动作和跟随时间
ThrowParam,13395000,whole_official_row,Ascended v0.7,official 1.17.1,恢复原版处决位置、角度、动作和跟随时间
ThrowParam,13397000,whole_official_row,Ascended v0.7,official 1.17.1,恢复原版处决位置、角度、动作和跟随时间
ThrowParam,13405000,whole_official_row,Ascended v0.7,official 1.17.1,恢复原版处决位置、角度、动作和跟随时间
ThrowParam,13410000,whole_official_row,Ascended v0.7,official 1.17.1,恢复原版处决位置、角度、动作和跟随时间
ThrowParam,13410100,whole_official_row,Ascended v0.7,official 1.17.1,恢复原版处决位置、角度、动作和跟随时间
ThrowParam,13412000,whole_official_row,Ascended v0.7,official 1.17.1,恢复原版处决位置、角度、动作和跟随时间
ThrowParam,13430000,whole_official_row,Ascended v0.7,official 1.17.1,恢复原版处决位置、角度、动作和跟随时间
ThrowParam,13431000,whole_official_row,Ascended v0.7,official 1.17.1,恢复原版处决位置、角度、动作和跟随时间
ThrowParam,13431100,whole_official_row,Ascended v0.7,official 1.17.1,恢复原版处决位置、角度、动作和跟随时间
ThrowParam,13431200,whole_official_row,Ascended v0.7,official 1.17.1,恢复原版处决位置、角度、动作和跟随时间
ThrowParam,13431300,whole_official_row,Ascended v0.7,official 1.17.1,恢复原版处决位置、角度、动作和跟随时间
ThrowParam,13431400,whole_official_row,Ascended v0.7,official 1.17.1,恢复原版处决位置、角度、动作和跟随时间
ThrowParam,13431500,whole_official_row,Ascended v0.7,official 1.17.1,恢复原版处决位置、角度、动作和跟随时间
ThrowParam,13431600,whole_official_row,Ascended v0.7,official 1.17.1,恢复原版处决位置、角度、动作和跟随时间
ThrowParam,13432100,whole_official_row,Ascended v0.7,official 1.17.1,恢复原版处决位置、角度、动作和跟随时间
ThrowParam,13435000,whole_official_row,Ascended v0.7,official 1.17.1,恢复原版处决位置、角度、动作和跟随时间
ThrowParam,13435100,whole_official_row,Ascended v0.7,official 1.17.1,恢复原版处决位置、角度、动作和跟随时间
ThrowParam,13435200,whole_official_row,Ascended v0.7,official 1.17.1,恢复原版处决位置、角度、动作和跟随时间
ThrowParam,13435300,whole_official_row,Ascended v0.7,official 1.17.1,恢复原版处决位置、角度、动作和跟随时间
ThrowParam,13435400,whole_official_row,Ascended v0.7,official 1.17.1,恢复原版处决位置、角度、动作和跟随时间
ThrowParam,13435500,whole_official_row,Ascended v0.7,official 1.17.1,恢复原版处决位置、角度、动作和跟随时间
ThrowParam,13435600,whole_official_row,Ascended v0.7,official 1.17.1,恢复原版处决位置、角度、动作和跟随时间
ThrowParam,13435800,whole_official_row,Ascended v0.7,official 1.17.1,恢复原版处决位置、角度、动作和跟随时间
ThrowParam,13437000,whole_official_row,Ascended v0.7,official 1.17.1,恢复原版处决位置、角度、动作和跟随时间
ThrowParam,13437100,whole_official_row,Ascended v0.7,official 1.17.1,恢复原版处决位置、角度、动作和跟随时间
ThrowParam,13437200,whole_official_row,Ascended v0.7,official 1.17.1,恢复原版处决位置、角度、动作和跟随时间
ThrowParam,13437300,whole_official_row,Ascended v0.7,official 1.17.1,恢复原版处决位置、角度、动作和跟随时间
ThrowParam,13437400,whole_official_row,Ascended v0.7,official 1.17.1,恢复原版处决位置、角度、动作和跟随时间
ThrowParam,13437500,whole_official_row,Ascended v0.7,official 1.17.1,恢复原版处决位置、角度、动作和跟随时间
ThrowParam,13437600,whole_official_row,Ascended v0.7,official 1.17.1,恢复原版处决位置、角度、动作和跟随时间
ThrowParam,13437700,whole_official_row,Ascended v0.7,official 1.17.1,恢复原版处决位置、角度、动作和跟随时间
ThrowParam,13438000,whole_official_row,Ascended v0.7,official 1.17.1,恢复原版处决位置、角度、动作和跟随时间
ThrowParam,13438100,whole_official_row,Ascended v0.7,official 1.17.1,恢复原版处决位置、角度、动作和跟随时间
ThrowParam,13438200,whole_official_row,Ascended v0.7,official 1.17.1,恢复原版处决位置、角度、动作和跟随时间
ThrowParam,13438300,whole_official_row,Ascended v0.7,official 1.17.1,恢复原版处决位置、角度、动作和跟随时间
ThrowParam,13438400,whole_official_row,Ascended v0.7,official 1.17.1,恢复原版处决位置、角度、动作和跟随时间
ThrowParam,13438500,whole_official_row,Ascended v0.7,official 1.17.1,恢复原版处决位置、角度、动作和跟随时间
ThrowParam,13482000,whole_official_row,Ascended v0.7,official 1.17.1,恢复原版处决位置、角度、动作和跟随时间
ThrowParam,13700000,whole_official_row,Ascended v0.7,official 1.17.1,恢复原版处决位置、角度、动作和跟随时间
ThrowParam,14201000,whole_official_row,Ascended v0.7,official 1.17.1,恢复原版处决位置、角度、动作和跟随时间
ThrowParam,14210000,whole_official_row,Ascended v0.7,official 1.17.1,恢复原版处决位置、角度、动作和跟随时间
ThrowParam,14300000,whole_official_row,Ascended v0.7,official 1.17.1,恢复原版处决位置、角度、动作和跟随时间
ThrowParam,14301000,whole_official_row,Ascended v0.7,official 1.17.1,恢复原版处决位置、角度、动作和跟随时间
ThrowParam,14302000,whole_official_row,Ascended v0.7,official 1.17.1,恢复原版处决位置、角度、动作和跟随时间
ThrowParam,14306000,whole_official_row,Ascended v0.7,official 1.17.1,恢复原版处决位置、角度、动作和跟随时间
ThrowParam,14306100,whole_official_row,Ascended v0.7,official 1.17.1,恢复原版处决位置、角度、动作和跟随时间
ThrowParam,14307000,whole_official_row,Ascended v0.7,official 1.17.1,恢复原版处决位置、角度、动作和跟随时间
ThrowParam,14308000,whole_official_row,Ascended v0.7,official 1.17.1,恢复原版处决位置、角度、动作和跟随时间
ThrowParam,14315000,whole_official_row,Ascended v0.7,official 1.17.1,恢复原版处决位置、角度、动作和跟随时间
ThrowParam,14320000,whole_official_row,Ascended v0.7,official 1.17.1,恢复原版处决位置、角度、动作和跟随时间
ThrowParam,14320100,whole_official_row,Ascended v0.7,official 1.17.1,恢复原版处决位置、角度、动作和跟随时间
ThrowParam,14330000,whole_official_row,Ascended v0.7,official 1.17.1,恢复原版处决位置、角度、动作和跟随时间
ThrowParam,14335000,whole_official_row,Ascended v0.7,official 1.17.1,恢复原版处决位置、角度、动作和跟随时间
ThrowParam,14336000,whole_official_row,Ascended v0.7,official 1.17.1,恢复原版处决位置、角度、动作和跟随时间
ThrowParam,14336100,whole_official_row,Ascended v0.7,official 1.17.1,恢复原版处决位置、角度、动作和跟随时间
ThrowParam,14337000,whole_official_row,Ascended v0.7,official 1.17.1,恢复原版处决位置、角度、动作和跟随时间
ThrowParam,14337100,whole_official_row,Ascended v0.7,official 1.17.1,恢复原版处决位置、角度、动作和跟随时间
ThrowParam,14340000,whole_official_row,Ascended v0.7,official 1.17.1,恢复原版处决位置、角度、动作和跟随时间
ThrowParam,14345000,whole_official_row,Ascended v0.7,official 1.17.1,恢复原版处决位置、角度、动作和跟随时间
ThrowParam,14345100,whole_official_row,Ascended v0.7,official 1.17.1,恢复原版处决位置、角度、动作和跟随时间
ThrowParam,14346000,whole_official_row,Ascended v0.7,official 1.17.1,恢复原版处决位置、角度、动作和跟随时间
ThrowParam,14347000,whole_official_row,Ascended v0.7,official 1.17.1,恢复原版处决位置、角度、动作和跟随时间
ThrowParam,14347100,whole_official_row,Ascended v0.7,official 1.17.1,恢复原版处决位置、角度、动作和跟随时间
ThrowParam,14350000,whole_official_row,Ascended v0.7,official 1.17.1,恢复原版处决位置、角度、动作和跟随时间
ThrowParam,14351000,whole_official_row,Ascended v0.7,official 1.17.1,恢复原版处决位置、角度、动作和跟随时间
ThrowParam,14355000,whole_official_row,Ascended v0.7,official 1.17.1,恢复原版处决位置、角度、动作和跟随时间
ThrowParam,14360000,whole_official_row,Ascended v0.7,official 1.17.1,恢复原版处决位置、角度、动作和跟随时间
ThrowParam,14361000,whole_official_row,Ascended v0.7,official 1.17.1,恢复原版处决位置、角度、动作和跟随时间
ThrowParam,14362000,whole_official_row,Ascended v0.7,official 1.17.1,恢复原版处决位置、角度、动作和跟随时间
ThrowParam,14365000,whole_official_row,Ascended v0.7,official 1.17.1,恢复原版处决位置、角度、动作和跟随时间
ThrowParam,14366000,whole_official_row,Ascended v0.7,official 1.17.1,恢复原版处决位置、角度、动作和跟随时间
ThrowParam,14366100,whole_official_row,Ascended v0.7,official 1.17.1,恢复原版处决位置、角度、动作和跟随时间
ThrowParam,14366200,whole_official_row,Ascended v0.7,official 1.17.1,恢复原版处决位置、角度、动作和跟随时间
ThrowParam,14366401,whole_official_row,Ascended v0.7,official 1.17.1,恢复原版处决位置、角度、动作和跟随时间
ThrowParam,14366500,whole_official_row,Ascended v0.7,official 1.17.1,恢复原版处决位置、角度、动作和跟随时间
ThrowParam,14370000,whole_official_row,Ascended v0.7,official 1.17.1,恢复原版处决位置、角度、动作和跟随时间
ThrowParam,14370100,whole_official_row,Ascended v0.7,official 1.17.1,恢复原版处决位置、角度、动作和跟随时间
ThrowParam,14370200,whole_official_row,Ascended v0.7,official 1.17.1,恢复原版处决位置、角度、动作和跟随时间
ThrowParam,14370300,whole_official_row,Ascended v0.7,official 1.17.1,恢复原版处决位置、角度、动作和跟随时间
ThrowParam,14370400,whole_official_row,Ascended v0.7,official 1.17.1,恢复原版处决位置、角度、动作和跟随时间
ThrowParam,14375000,whole_official_row,Ascended v0.7,official 1.17.1,恢复原版处决位置、角度、动作和跟随时间
ThrowParam,14380000,whole_official_row,Ascended v0.7,official 1.17.1,恢复原版处决位置、角度、动作和跟随时间
ThrowParam,14381000,whole_official_row,Ascended v0.7,official 1.17.1,恢复原版处决位置、角度、动作和跟随时间
ThrowParam,14385000,whole_official_row,Ascended v0.7,official 1.17.1,恢复原版处决位置、角度、动作和跟随时间
ThrowParam,14386000,whole_official_row,Ascended v0.7,official 1.17.1,恢复原版处决位置、角度、动作和跟随时间
ThrowParam,14390000,whole_official_row,Ascended v0.7,official 1.17.1,恢复原版处决位置、角度、动作和跟随时间
ThrowParam,14390100,whole_official_row,Ascended v0.7,official 1.17.1,恢复原版处决位置、角度、动作和跟随时间
ThrowParam,14395000,whole_official_row,Ascended v0.7,official 1.17.1,恢复原版处决位置、角度、动作和跟随时间
ThrowParam,14397000,whole_official_row,Ascended v0.7,official 1.17.1,恢复原版处决位置、角度、动作和跟随时间
ThrowParam,14400000,whole_official_row,Ascended v0.7,official 1.17.1,恢复原版处决位置、角度、动作和跟随时间
ThrowParam,14405000,whole_official_row,Ascended v0.7,official 1.17.1,恢复原版处决位置、角度、动作和跟随时间
ThrowParam,14410000,whole_official_row,Ascended v0.7,official 1.17.1,恢复原版处决位置、角度、动作和跟随时间
ThrowParam,14410100,whole_official_row,Ascended v0.7,official 1.17.1,恢复原版处决位置、角度、动作和跟随时间
ThrowParam,14412000,whole_official_row,Ascended v0.7,official 1.17.1,恢复原版处决位置、角度、动作和跟随时间
ThrowParam,14430000,whole_official_row,Ascended v0.7,official 1.17.1,恢复原版处决位置、角度、动作和跟随时间
ThrowParam,14431000,whole_official_row,Ascended v0.7,official 1.17.1,恢复原版处决位置、角度、动作和跟随时间
ThrowParam,14431100,whole_official_row,Ascended v0.7,official 1.17.1,恢复原版处决位置、角度、动作和跟随时间
ThrowParam,14431200,whole_official_row,Ascended v0.7,official 1.17.1,恢复原版处决位置、角度、动作和跟随时间
ThrowParam,14431300,whole_official_row,Ascended v0.7,official 1.17.1,恢复原版处决位置、角度、动作和跟随时间
ThrowParam,14431400,whole_official_row,Ascended v0.7,official 1.17.1,恢复原版处决位置、角度、动作和跟随时间
ThrowParam,14431500,whole_official_row,Ascended v0.7,official 1.17.1,恢复原版处决位置、角度、动作和跟随时间
ThrowParam,14431600,whole_official_row,Ascended v0.7,official 1.17.1,恢复原版处决位置、角度、动作和跟随时间
ThrowParam,14435000,whole_official_row,Ascended v0.7,official 1.17.1,恢复原版处决位置、角度、动作和跟随时间
ThrowParam,14435100,whole_official_row,Ascended v0.7,official 1.17.1,恢复原版处决位置、角度、动作和跟随时间
ThrowParam,14435200,whole_official_row,Ascended v0.7,official 1.17.1,恢复原版处决位置、角度、动作和跟随时间
ThrowParam,14435300,whole_official_row,Ascended v0.7,official 1.17.1,恢复原版处决位置、角度、动作和跟随时间
ThrowParam,14435400,whole_official_row,Ascended v0.7,official 1.17.1,恢复原版处决位置、角度、动作和跟随时间
ThrowParam,14435500,whole_official_row,Ascended v0.7,official 1.17.1,恢复原版处决位置、角度、动作和跟随时间
ThrowParam,14435600,whole_official_row,Ascended v0.7,official 1.17.1,恢复原版处决位置、角度、动作和跟随时间
ThrowParam,14435800,whole_official_row,Ascended v0.7,official 1.17.1,恢复原版处决位置、角度、动作和跟随时间
ThrowParam,14437000,whole_official_row,Ascended v0.7,official 1.17.1,恢复原版处决位置、角度、动作和跟随时间
ThrowParam,14437100,whole_official_row,Ascended v0.7,official 1.17.1,恢复原版处决位置、角度、动作和跟随时间
ThrowParam,14437200,whole_official_row,Ascended v0.7,official 1.17.1,恢复原版处决位置、角度、动作和跟随时间
ThrowParam,14437300,whole_official_row,Ascended v0.7,official 1.17.1,恢复原版处决位置、角度、动作和跟随时间
ThrowParam,14437400,whole_official_row,Ascended v0.7,official 1.17.1,恢复原版处决位置、角度、动作和跟随时间
ThrowParam,14437500,whole_official_row,Ascended v0.7,official 1.17.1,恢复原版处决位置、角度、动作和跟随时间
ThrowParam,14437600,whole_official_row,Ascended v0.7,official 1.17.1,恢复原版处决位置、角度、动作和跟随时间
ThrowParam,14437700,whole_official_row,Ascended v0.7,official 1.17.1,恢复原版处决位置、角度、动作和跟随时间
ThrowParam,14438000,whole_official_row,Ascended v0.7,official 1.17.1,恢复原版处决位置、角度、动作和跟随时间
ThrowParam,14438100,whole_official_row,Ascended v0.7,official 1.17.1,恢复原版处决位置、角度、动作和跟随时间
ThrowParam,14438200,whole_official_row,Ascended v0.7,official 1.17.1,恢复原版处决位置、角度、动作和跟随时间
ThrowParam,14438300,whole_official_row,Ascended v0.7,official 1.17.1,恢复原版处决位置、角度、动作和跟随时间
ThrowParam,14438400,whole_official_row,Ascended v0.7,official 1.17.1,恢复原版处决位置、角度、动作和跟随时间
ThrowParam,14438500,whole_official_row,Ascended v0.7,official 1.17.1,恢复原版处决位置、角度、动作和跟随时间
ThrowParam,14440000,whole_official_row,Ascended v0.7,official 1.17.1,恢复原版处决位置、角度、动作和跟随时间
ThrowParam,14700000,whole_official_row,Ascended v0.7,official 1.17.1,恢复原版处决位置、角度、动作和跟随时间
ThrowParam,34380000,whole_official_row,Ascended v0.7,official 1.17.1,恢复原版处决位置、角度、动作和跟随时间
NpcParam,30100000,hitHeight,0.5,2.4000001,恢复原版处决接触范围；含 Ascended 新增同模型变体
NpcParam,30100001,hitHeight,0.5,2.4000001,恢复原版处决接触范围；含 Ascended 新增同模型变体
NpcParam,30100014,hitHeight,0.5,2.4000001,恢复原版处决接触范围；含 Ascended 新增同模型变体
NpcParam,30100034,hitHeight,0.5,2.4000001,恢复原版处决接触范围；含 Ascended 新增同模型变体
NpcParam,30100100,hitHeight,0.5,2.4000001,恢复原版处决接触范围；含 Ascended 新增同模型变体
NpcParam,30100114,hitHeight,0.5,2.4000001,恢复原版处决接触范围；含 Ascended 新增同模型变体
NpcParam,30100134,hitHeight,0.5,2.4000001,恢复原版处决接触范围；含 Ascended 新增同模型变体
NpcParam,30100140,hitHeight,0.5,2.4000001,恢复原版处决接触范围；含 Ascended 新增同模型变体
NpcParam,30100172,hitHeight,0.5,2.4000001,恢复原版处决接触范围；含 Ascended 新增同模型变体
NpcParam,30100200,hitHeight,0.5,2.4000001,恢复原版处决接触范围；含 Ascended 新增同模型变体
NpcParam,30100214,hitHeight,0.5,2.4000001,恢复原版处决接触范围；含 Ascended 新增同模型变体
NpcParam,30100234,hitHeight,0.5,2.4000001,恢复原版处决接触范围；含 Ascended 新增同模型变体
NpcParam,30100400,hitHeight,0.5,2.4000001,恢复原版处决接触范围；含 Ascended 新增同模型变体
NpcParam,30100451,hitHeight,0.5,2.4000001,恢复原版处决接触范围；含 Ascended 新增同模型变体
NpcParam,30100500,hitHeight,0.5,2.4000001,恢复原版处决接触范围；含 Ascended 新增同模型变体
NpcParam,30100507,hitHeight,0.5,2.4000001,恢复原版处决接触范围；含 Ascended 新增同模型变体
NpcParam,30100600,hitHeight,0.5,2.4000001,恢复原版处决接触范围；含 Ascended 新增同模型变体
NpcParam,30100651,hitHeight,0.5,2.4000001,恢复原版处决接触范围；含 Ascended 新增同模型变体
NpcParam,30100800,hitHeight,0.5,2.0999999,恢复原版处决接触范围；含 Ascended 新增同模型变体
NpcParam,30100814,hitHeight,0.5,2.0999999,恢复原版处决接触范围；含 Ascended 新增同模型变体
NpcParam,30101000,hitHeight,0.5,2.4000001,恢复原版处决接触范围；含 Ascended 新增同模型变体
NpcParam,30101034,hitHeight,0.5,2.4000001,恢复原版处决接触范围；含 Ascended 新增同模型变体
NpcParam,30101100,hitHeight,0.5,2.4000001,恢复原版处决接触范围；含 Ascended 新增同模型变体
NpcParam,30101134,hitHeight,0.5,2.4000001,恢复原版处决接触范围；含 Ascended 新增同模型变体
NpcParam,30101140,hitHeight,0.5,2.4000001,恢复原版处决接触范围；含 Ascended 新增同模型变体
NpcParam,30101172,hitHeight,0.5,2.4000001,恢复原版处决接触范围；含 Ascended 新增同模型变体
NpcParam,30101200,hitHeight,0.5,2.4000001,恢复原版处决接触范围；含 Ascended 新增同模型变体
NpcParam,30101234,hitHeight,0.5,2.4000001,恢复原版处决接触范围；含 Ascended 新增同模型变体
NpcParam,30101400,hitHeight,0.5,2.4000001,恢复原版处决接触范围；含 Ascended 新增同模型变体
NpcParam,30101451,hitHeight,0.5,2.4000001,恢复原版处决接触范围；含 Ascended 新增同模型变体
NpcParam,30101500,hitHeight,0.5,2.4000001,恢复原版处决接触范围；含 Ascended 新增同模型变体
NpcParam,30101600,hitHeight,0.5,2.4000001,恢复原版处决接触范围；含 Ascended 新增同模型变体
NpcParam,30101651,hitHeight,0.5,2.4000001,恢复原版处决接触范围；含 Ascended 新增同模型变体
NpcParam,30102000,hitHeight,0.5,2.4000001,恢复原版处决接触范围；含 Ascended 新增同模型变体
NpcParam,30102014,hitHeight,0.5,2.4000001,恢复原版处决接触范围；含 Ascended 新增同模型变体
NpcParam,30102034,hitHeight,0.5,2.4000001,恢复原版处决接触范围；含 Ascended 新增同模型变体
NpcParam,30102100,hitHeight,0.5,2.4000001,恢复原版处决接触范围；含 Ascended 新增同模型变体
NpcParam,30102134,hitHeight,0.5,2.4000001,恢复原版处决接触范围；含 Ascended 新增同模型变体
NpcParam,30102172,hitHeight,0.5,2.4000001,恢复原版处决接触范围；含 Ascended 新增同模型变体
NpcParam,30102200,hitHeight,0.5,2.4000001,恢复原版处决接触范围；含 Ascended 新增同模型变体
NpcParam,30102234,hitHeight,0.5,2.4000001,恢复原版处决接触范围；含 Ascended 新增同模型变体
NpcParam,30102400,hitHeight,0.5,2.4000001,恢复原版处决接触范围；含 Ascended 新增同模型变体
NpcParam,30102451,hitHeight,0.5,2.4000001,恢复原版处决接触范围；含 Ascended 新增同模型变体
NpcParam,30102500,hitHeight,0.5,2.4000001,恢复原版处决接触范围；含 Ascended 新增同模型变体
NpcParam,30102507,hitHeight,0.5,2.4000001,恢复原版处决接触范围；含 Ascended 新增同模型变体
NpcParam,30102600,hitHeight,0.5,2.4000001,恢复原版处决接触范围；含 Ascended 新增同模型变体
NpcParam,30102651,hitHeight,0.5,2.4000001,恢复原版处决接触范围；含 Ascended 新增同模型变体
NpcParam,30106000,hitHeight,0.5,2.4000001,恢复原版处决接触范围；含 Ascended 新增同模型变体
NpcParam,30106051,hitHeight,0.5,2.4000001,恢复原版处决接触范围；含 Ascended 新增同模型变体
NpcParam,30107000,hitHeight,0.5,2.4000001,恢复原版处决接触范围；含 Ascended 新增同模型变体
NpcParam,30107051,hitHeight,0.5,2.4000001,恢复原版处决接触范围；含 Ascended 新增同模型变体
NpcParam,30108000,hitHeight,0.5,2.4000001,恢复原版处决接触范围；含 Ascended 新增同模型变体
NpcParam,48200000,hitHeight,0.5,2.8,恢复原版处决接触范围；含 Ascended 新增同模型变体
NpcParam,48200000,hitRadius,0.5,0.6,恢复原版处决接触范围；含 Ascended 新增同模型变体
NpcParam,48200001,hitHeight,0.5,2.8,恢复原版处决接触范围；含 Ascended 新增同模型变体
NpcParam,48200001,hitRadius,0.5,0.6,恢复原版处决接触范围；含 Ascended 新增同模型变体
NpcParam,48200002,hitHeight,0.5,2.8,恢复原版处决接触范围；含 Ascended 新增同模型变体
NpcParam,48200002,hitRadius,0.5,0.6,恢复原版处决接触范围；含 Ascended 新增同模型变体
NpcParam,48200100,hitHeight,0.5,2.8,恢复原版处决接触范围；含 Ascended 新增同模型变体
NpcParam,48200100,hitRadius,0.5,0.6,恢复原版处决接触范围；含 Ascended 新增同模型变体
NpcParam,48200130,hitHeight,0.5,2.8,恢复原版处决接触范围；含 Ascended 新增同模型变体
NpcParam,48200130,hitRadius,0.5,0.6,恢复原版处决接触范围；含 Ascended 新增同模型变体
NpcParam,48200134,hitHeight,0.5,2.8,恢复原版处决接触范围；含 Ascended 新增同模型变体
NpcParam,48200134,hitRadius,0.5,0.6,恢复原版处决接触范围；含 Ascended 新增同模型变体
NpcParam,48200138,hitHeight,0.5,2.8,恢复原版处决接触范围；含 Ascended 新增同模型变体
NpcParam,48200138,hitRadius,0.5,0.6,恢复原版处决接触范围；含 Ascended 新增同模型变体
NpcParam,48200820,hitHeight,0.5,2.8,恢复原版处决接触范围；含 Ascended 新增同模型变体
NpcParam,48200820,hitRadius,0.5,0.6,恢复原版处决接触范围；含 Ascended 新增同模型变体
NpcParam,48200920,hitHeight,0.5,2.8,恢复原版处决接触范围；含 Ascended 新增同模型变体
NpcParam,48200920,hitRadius,0.5,0.6,恢复原版处决接触范围；含 Ascended 新增同模型变体
NpcParam,48200930,hitHeight,0.5,2.8,恢复原版处决接触范围；含 Ascended 新增同模型变体
NpcParam,48200930,hitRadius,0.5,0.6,恢复原版处决接触范围；含 Ascended 新增同模型变体
NpcParam,48208000,hitHeight,0.5,2.8,恢复原版处决接触范围；含 Ascended 新增同模型变体
NpcParam,48208000,hitRadius,0.5,0.6,恢复原版处决接触范围；含 Ascended 新增同模型变体
NpcParam,48208030,hitHeight,0.5,2.8,恢复原版处决接触范围；含 Ascended 新增同模型变体
NpcParam,48208030,hitRadius,0.5,0.6,恢复原版处决接触范围；含 Ascended 新增同模型变体
NpcParam,48208034,hitHeight,0.5,2.8,恢复原版处决接触范围；含 Ascended 新增同模型变体
NpcParam,48208034,hitRadius,0.5,0.6,恢复原版处决接触范围；含 Ascended 新增同模型变体
NpcParam,48208038,hitHeight,0.5,2.8,恢复原版处决接触范围；含 Ascended 新增同模型变体
NpcParam,48208038,hitRadius,0.5,0.6,恢复原版处决接触范围；含 Ascended 新增同模型变体
NpcParam,48208100,hitHeight,0.5,2.8,恢复原版处决接触范围；含 Ascended 新增同模型变体
NpcParam,48208100,hitRadius,0.5,0.6,恢复原版处决接触范围；含 Ascended 新增同模型变体
NpcParam,48208138,hitHeight,0.5,2.8,恢复原版处决接触范围；含 Ascended 新增同模型变体
NpcParam,48208138,hitRadius,0.5,0.6,恢复原版处决接触范围；含 Ascended 新增同模型变体
