文本包,FMG,护符ID,原文效果句,新效果句
item_dlc01,AccessoryCaption.fmg,2090,Effect: enhances critical hits by 100%,Effect: enhances critical hit damage by 400%
item_dlc01,AccessoryCaption.fmg,2120,Effect: enhances the final hit ending a chain of attacks by 50%,Effect: enhances the final hit of an attack chain by 150%
item_dlc01,AccessoryCaption.fmg,2130,Effect: enhances charge attacks by 50%,Effect: enhances charged attack damage by 320%
item_dlc01,AccessoryCaption.fmg,2140,Effect: enhances all magic damage by 300%,Effect: boosts sorcery and incantation attack power by 300%. Final damage varies with target defense.
item_dlc01,AccessoryCaption.fmg,2150,Effect: raises attack power of arrows and bolts by 50%,Effect: enhances arrow and bolt damage by 50%. Other bow and ammunition bonuses apply separately.
item_dlc01,AccessoryCaption.fmg,2180,Effect: enhances jump attack damage by 80% ,Effect: enhances jump attack damage by 150%
item_dlc01,AccessoryCaption.fmg,2200,Effect: +50% guard counter damage,Effect: enhances guard counter damage by 300%
item_dlc01,AccessoryCaption.fmg,4100,Effect: reduces stamina consumed while guarding by 10%,Effect: reduces stamina consumed while guarding by 90%
item_dlc01,AccessoryInfo.fmg,2140,Enhances attacks on horseback,Boosts sorcery and incantation attack power
item_dlc01,AccessoryInfo.fmg,2150,Raises attack power of arrows and bolts,Enhances arrow and bolt damage
item_dlc01,AccessoryInfo.fmg,4100,Boosts guarding ability,Greatly reduces guarding stamina consumption
item_dlc02,AccessoryCaption.fmg,2090,Effect: enhances critical hits by 100%,Effect: enhances critical hit damage by 400%
item_dlc02,AccessoryCaption.fmg,2120,Effect: enhances the final hit ending a chain of attacks by 50%,Effect: enhances the final hit of an attack chain by 150%
item_dlc02,AccessoryCaption.fmg,2130,Effect: enhances charge attacks by 50%,Effect: enhances charged attack damage by 320%
item_dlc02,AccessoryCaption.fmg,2140,Effect: enhances all magic damage by 300%,Effect: boosts sorcery and incantation attack power by 300%. Final damage varies with target defense.
item_dlc02,AccessoryCaption.fmg,2150,Effect: raises attack power of arrows and bolts by 50%,Effect: enhances arrow and bolt damage by 50%. Other bow and ammunition bonuses apply separately.
item_dlc02,AccessoryCaption.fmg,2180,Effect: enhances jump attack damage by 80% ,Effect: enhances jump attack damage by 150%
item_dlc02,AccessoryCaption.fmg,2200,Effect: +50% guard counter damage,Effect: enhances guard counter damage by 300%
item_dlc02,AccessoryCaption.fmg,4100,Effect: reduces stamina consumed while guarding by 10%,Effect: reduces stamina consumed while guarding by 90%
item_dlc02,AccessoryInfo.fmg,2140,Enhances all magic damage,Boosts sorcery and incantation attack power
item_dlc02,AccessoryInfo.fmg,2150,Raises attack power of arrows and bolts,Enhances arrow and bolt damage
item_dlc02,AccessoryInfo.fmg,4100,Boosts guarding ability,Greatly reduces guarding stamina consumption
