追忆道具ID,效果ID,攻击力字段,旧倍率,新倍率
2952,321424,physicsAttackPowerRate,1.05,1.025
2952,321424,magicAttackPowerRate,1.05,1.025
2952,321424,fireAttackPowerRate,1.05,1.025
2952,321424,thunderAttackPowerRate,1.05,1.025
2952,321424,darkAttackPowerRate,1.05,1.025
2953,321425,physicsAttackPowerRate,1.05,1.025
2953,321425,magicAttackPowerRate,1.05,1.025
2953,321425,fireAttackPowerRate,1.05,1.025
2953,321425,thunderAttackPowerRate,1.05,1.025
2953,321425,darkAttackPowerRate,1.05,1.025
2955,321426,physicsAttackPowerRate,1.05,1.025
2955,321426,magicAttackPowerRate,1.05,1.025
2955,321426,fireAttackPowerRate,1.05,1.025
2955,321426,thunderAttackPowerRate,1.05,1.025
2955,321426,darkAttackPowerRate,1.05,1.025
2956,321427,physicsAttackPowerRate,1.05,1.025
2956,321427,magicAttackPowerRate,1.05,1.025
2956,321427,fireAttackPowerRate,1.05,1.025
2956,321427,thunderAttackPowerRate,1.05,1.025
2956,321427,darkAttackPowerRate,1.05,1.025
2957,321428,physicsAttackPowerRate,1.05,1.025
2957,321428,magicAttackPowerRate,1.05,1.025
2957,321428,fireAttackPowerRate,1.05,1.025
2957,321428,thunderAttackPowerRate,1.05,1.025
2957,321428,darkAttackPowerRate,1.05,1.025
2958,321429,physicsAttackPowerRate,1.05,1.025
2958,321429,magicAttackPowerRate,1.05,1.025
2958,321429,fireAttackPowerRate,1.05,1.025
2958,321429,thunderAttackPowerRate,1.05,1.025
2958,321429,darkAttackPowerRate,1.05,1.025
2960,321430,physicsAttackPowerRate,1.05,1.025
2960,321430,magicAttackPowerRate,1.05,1.025
2960,321430,fireAttackPowerRate,1.05,1.025
2960,321430,thunderAttackPowerRate,1.05,1.025
2960,321430,darkAttackPowerRate,1.05,1.025
2961,321431,physicsAttackPowerRate,1.05,1.025
2961,321431,magicAttackPowerRate,1.05,1.025
2961,321431,fireAttackPowerRate,1.05,1.025
2961,321431,thunderAttackPowerRate,1.05,1.025
2961,321431,darkAttackPowerRate,1.05,1.025
2962,321432,physicsAttackPowerRate,1.05,1.025
2962,321432,magicAttackPowerRate,1.05,1.025
2962,321432,fireAttackPowerRate,1.05,1.025
2962,321432,thunderAttackPowerRate,1.05,1.025
2962,321432,darkAttackPowerRate,1.05,1.025
2963,321433,physicsAttackPowerRate,1.05,1.025
2963,321433,magicAttackPowerRate,1.05,1.025
2963,321433,fireAttackPowerRate,1.05,1.025
2963,321433,thunderAttackPowerRate,1.05,1.025
2963,321433,darkAttackPowerRate,1.05,1.025
2964,321434,physicsAttackPowerRate,1.05,1.025
2964,321434,magicAttackPowerRate,1.05,1.025
2964,321434,fireAttackPowerRate,1.05,1.025
2964,321434,thunderAttackPowerRate,1.05,1.025
2964,321434,darkAttackPowerRate,1.05,1.025
2002900,321412,physicsAttackPowerRate,1.05,1.025
2002900,321412,magicAttackPowerRate,1.05,1.025
2002900,321412,fireAttackPowerRate,1.05,1.025
2002900,321412,thunderAttackPowerRate,1.05,1.025
2002900,321412,darkAttackPowerRate,1.05,1.025
2002901,321413,physicsAttackPowerRate,1.05,1.025
2002901,321413,magicAttackPowerRate,1.05,1.025
2002901,321413,fireAttackPowerRate,1.05,1.025
2002901,321413,thunderAttackPowerRate,1.05,1.025
2002901,321413,darkAttackPowerRate,1.05,1.025
2002902,321414,physicsAttackPowerRate,1.05,1.025
2002902,321414,magicAttackPowerRate,1.05,1.025
2002902,321414,fireAttackPowerRate,1.05,1.025
2002902,321414,thunderAttackPowerRate,1.05,1.025
2002902,321414,darkAttackPowerRate,1.05,1.025
2002903,321415,physicsAttackPowerRate,1.05,1.025
2002903,321415,magicAttackPowerRate,1.05,1.025
2002903,321415,fireAttackPowerRate,1.05,1.025
2002903,321415,thunderAttackPowerRate,1.05,1.025
2002903,321415,darkAttackPowerRate,1.05,1.025
2002904,321416,physicsAttackPowerRate,1.05,1.025
2002904,321416,magicAttackPowerRate,1.05,1.025
2002904,321416,fireAttackPowerRate,1.05,1.025
2002904,321416,thunderAttackPowerRate,1.05,1.025
2002904,321416,darkAttackPowerRate,1.05,1.025
2002905,321417,physicsAttackPowerRate,1.05,1.025
2002905,321417,magicAttackPowerRate,1.05,1.025
2002905,321417,fireAttackPowerRate,1.05,1.025
2002905,321417,thunderAttackPowerRate,1.05,1.025
2002905,321417,darkAttackPowerRate,1.05,1.025
2002907,321418,physicsAttackPowerRate,1.05,1.025
2002907,321418,magicAttackPowerRate,1.05,1.025
2002907,321418,fireAttackPowerRate,1.05,1.025
2002907,321418,thunderAttackPowerRate,1.05,1.025
2002907,321418,darkAttackPowerRate,1.05,1.025
2002908,321419,physicsAttackPowerRate,1.05,1.025
2002908,321419,magicAttackPowerRate,1.05,1.025
2002908,321419,fireAttackPowerRate,1.05,1.025
2002908,321419,thunderAttackPowerRate,1.05,1.025
2002908,321419,darkAttackPowerRate,1.05,1.025
2002909,321420,physicsAttackPowerRate,1.05,1.025
2002909,321420,magicAttackPowerRate,1.05,1.025
2002909,321420,fireAttackPowerRate,1.05,1.025
2002909,321420,thunderAttackPowerRate,1.05,1.025
2002909,321420,darkAttackPowerRate,1.05,1.025
2002910,321421,physicsAttackPowerRate,1.05,1.025
2002910,321421,magicAttackPowerRate,1.05,1.025
2002910,321421,fireAttackPowerRate,1.05,1.025
2002910,321421,thunderAttackPowerRate,1.05,1.025
2002910,321421,darkAttackPowerRate,1.05,1.025
