文本包,FMG,追忆ID,原说明开头,待合并说明开头
item_dlc01,GoodsCaption.fmg,2950,"Remembrance of Godrick, the Grafted, hewn into the Erdtree. /  / The power of its namesake can be unlocked by the Finger Reader. / Alternatively, it can be used to gain a great bounty of runes. /  / A feeble man sought power through the grotesque act","Remembrance of Godrick, the Grafted, hewn into the Erdtree. /  / Effect: casts all base game grease / (Not consumed on use) /  / The power of its namesake can be unlocked by the Finger Reader. /  /  / A feeble man sought power through the grotesque act of "
item_dlc01,GoodsCaption.fmg,2951,"Remembrance of Starscourge Radahn, hewn into the Erdtree. /  / The power of its namesake can be unlocked by the Finger Reader. / Alternatively, it can be used to gain a great bounty of runes. /  / The Red Lion General wielded gravitational powers whi","Remembrance of Starscourge Radahn, hewn into the Erdtree. /  / Effect: casts all base game body buffs /  / (Not consumed on use) /  / The power of its namesake can be unlocked by the Finger Reader. /  /  / The Red Lion General wielded gravitational powers wh"
item_dlc01,GoodsCaption.fmg,2952,"Remembrance of Morgott, the Omen King, hewn into the Erdtree. /  / The power of its namesake can be unlocked by the Finger Reader. / Alternatively, it can be used to gain a great bounty of runes. /  / Though born one of the graceless Omen, Morgott to","Remembrance of Morgott, the Omen King, hewn into the Erdtree. /  / Effect: raises maximum HP by 5%, weapon attack power by 2.5%, and sorcery/incantation damage by 2.5% / (Not consumed on use) /  / The power of its namesake can be unlocked by the Fing"
item_dlc01,GoodsCaption.fmg,2953,"Remembrance of Rykard, Lord of Blasphemy, hewn into the Erdtree. /  / The power of its namesake can be unlocked by the Finger Reader. / Alternatively, it can be used to gain a great bounty of runes. /  / Rykard took the form of a giant serpent that h","Remembrance of Rykard, Lord of Blasphemy, hewn into the Erdtree. /  / Effect: raises maximum HP by 5%, weapon attack power by 2.5%, and sorcery/incantation damage by 2.5% / (Not consumed on use) /  / The power of its namesake can be unlocked by the F"
item_dlc01,GoodsCaption.fmg,2954,"Remembrance of Malenia, Goddess of Rot, hewn into the Erdtree. /  / The power of its namesake can be unlocked by the Finger Reader. / Alternatively, it can be used to gain a great bounty of runes. /  / Miquella and Malenia are both the children of a ","Remembrance of Malenia, Goddess of Rot, hewn into the Erdtree. /  / Effect: grants the user the full power of the Elden Ring by giving them all great rune powers at once / (Use does not consume item) /  / The power of its namesake can be unlocked by "
item_dlc01,GoodsCaption.fmg,2955,"Remembrance of Mohg, Lord of Blood, hewn into the Erdtree. /  / The power of its namesake can be unlocked by the Finger Reader. / Alternatively, it can be used to gain a great bounty of runes. /  / Wishing to raise Miquella to full godhood, Mohg wish","Remembrance of Mohg, Lord of Blood, hewn into the Erdtree. /  / Effect: raises maximum HP by 5%, weapon attack power by 2.5%, and sorcery/incantation damage by 2.5% / (Not consumed on use) /  / The power of its namesake can be unlocked by the Finger "
item_dlc01,GoodsCaption.fmg,2956,"Remembrance of Maliketh, the Black Blade, hewn into the Erdtree. /  / The power of its namesake can be unlocked by the Finger Reader. / Alternatively, it can be used to gain a great bounty of runes. /  / Maliketh was a shadowbound beast given to his ","Remembrance of Maliketh, the Black Blade, hewn into the Erdtree. /  / Effect: raises maximum HP by 5%, weapon attack power by 2.5%, and sorcery/incantation damage by 2.5% / (Not consumed on use) /  / The power of its namesake can be unlocked by the F"
item_dlc01,GoodsCaption.fmg,2957,"Remembrance of the warrior Hoarah Loux, hewn into the Erdtree. /  / The power of its namesake can be unlocked by the Finger Reader. / Alternatively, it can be used to gain a great bounty of runes. /  / When Godfrey, first Elden Lord was robbed of his","Remembrance of the warrior Hoarah Loux, hewn into the Erdtree. /  / Effect: raises maximum HP by 5%, weapon attack power by 2.5%, and sorcery/incantation damage by 2.5% / (Not consumed on use) /  / The power of its namesake can be unlocked by the Fin"
item_dlc01,GoodsCaption.fmg,2958,"Remembrance of Dragonlord Placidusax, hewn into the Erdtree. /  / The power of its namesake can be unlocked by the Finger Reader. / Alternatively, it can be used to gain a great bounty of runes. /  / The Dragonlord whose seat lies at the heart of the","Remembrance of Dragonlord Placidusax, hewn into the Erdtree. /  / Effect: raises maximum HP by 5%, weapon attack power by 2.5%, and sorcery/incantation damage by 2.5% / (Not consumed on use) /  / The power of its namesake can be unlocked by the Finge"
item_dlc01,GoodsCaption.fmg,2959,"Remembrance of Rennala, Queen of the Full Moon, hewn into the Erdtree. /  / The power of its namesake can be unlocked by the Finger Reader. / Alternatively, it can be used to gain a great bounty of runes. /  / In her youth, Rennala was a prominent ch","Remembrance of Rennala, Queen of the Full Moon, hewn into the Erdtree. /  / Effect: casts all base and dlc game armaments / (Not consumed on use) /  / The power of its namesake can be unlocked by the Finger Reader. /  /  / In her youth, Rennala was a promi"
item_dlc01,GoodsCaption.fmg,2960,"Remembrance of Lichdragon Fortissax, hewn into the Erdtree. /  / The power of its namesake can be unlocked by the Finger Reader. / Alternatively, it can be used to gain a great bounty of runes. /  / After Godwyn the Golden became the Prince of Death,","Remembrance of Lichdragon Fortissax, hewn into the Erdtree. /  / Effect: raises maximum HP by 5%, weapon attack power by 2.5%, and sorcery/incantation damage by 2.5% / (Not consumed on use) /  / The power of its namesake can be unlocked by the Finger"
item_dlc01,GoodsCaption.fmg,2961,"Remembrance of Fire Giant, hewn into the Erdtree. /  / The power of its namesake can be unlocked by the Finger Reader. / Alternatively, it can be used to gain a great bounty of runes. /  / The Fire Giant is a survivor of the War against the Giants. U","Remembrance of Fire Giant, hewn into the Erdtree. /  / Effect: raises maximum HP by 5%, weapon attack power by 2.5%, and sorcery/incantation damage by 2.5% / (Not consumed on use) /  / The power of its namesake can be unlocked by the Finger Reader. /  / "
item_dlc01,GoodsCaption.fmg,2962,"Remembrance of the Regal Ancestor Spirit, hewn into the Erdtree. /  / The power of its namesake can be unlocked by the Finger Reader. / Alternatively, it can be used to gain a great bounty of runes. /  / Ancestral spirits exist as a phenomenon beyond","Remembrance of the Regal Ancestor Spirit, hewn into the Erdtree. /  / Effect: raises maximum HP by 5%, weapon attack power by 2.5%, and sorcery/incantation damage by 2.5% / (Not consumed on use) /  / The power of its namesake can be unlocked by the F"
item_dlc01,GoodsCaption.fmg,2963,"Remembrance of the Elden Beast, hewn into the Erdtree. /  / The power of its namesake can be unlocked by the Finger Reader. / Alternatively, it can be used to gain a great bounty of runes. /  / It was the vassal beast of the Greater Will and living i","Remembrance of the Elden Beast, hewn into the Erdtree. /  / Effect: raises maximum HP by 5%, weapon attack power by 2.5%, and sorcery/incantation damage by 2.5% / (Not consumed on use) /  / The power of its namesake can be unlocked by the Finger Read"
item_dlc01,GoodsCaption.fmg,2964,"Remembrance of Astel, Naturalborn of the Void, hewn into the Erdtree. /  / The power of its namesake can be unlocked by the Finger Reader. / Alternatively, it can be used to gain a great bounty of runes. /  / A malformed star born in the lightless vo","Remembrance of Astel, Naturalborn of the Void, hewn into the Erdtree. /  / Effect: raises maximum HP by 5%, weapon attack power by 2.5%, and sorcery/incantation damage by 2.5% / (Not consumed on use) /  / The power of its namesake can be unlocked by "
item_dlc01,GoodsCaption_dlc01.fmg,2002900,"Remembrance of Commander Gaius, hewn into the Scadutree. /  / The power of its namesake can be unlocked by the Finger Reader. / Alternatively, it can be used to gain a great bounty of runes. /  / Both were as elder brothers to the lion, and both were","Remembrance of Commander Gaius, hewn into the Scadutree. /  / Effect: raises maximum HP by 5%, weapon attack power by 2.5%, and sorcery/incantation damage by 2.5% / (Not consumed on use) /  / The power of its namesake can be unlocked by the Finger Re"
item_dlc01,GoodsCaption_dlc01.fmg,2002901,"Remembrance of Messmer the Impaler, hewn into the Scadutree. /  / The power of its namesake can be unlocked by the Finger Reader. / Alternatively, it can be used to gain a great bounty of runes. /  / A malevolent snake writhed within Messmer, and so ","Remembrance of Messmer the Impaler, hewn into the Scadutree. /  / Effect: raises maximum HP by 5%, weapon attack power by 2.5%, and sorcery/incantation damage by 2.5% / (Not consumed on use) /  / The power of its namesake can be unlocked by the Finge"
item_dlc01,GoodsCaption_dlc01.fmg,2002902,"Remembrance of the Scadutree Avatar, hewn into the Scadutree. /  / The power of its namesake can be unlocked by the Finger Reader. / Alternatively, it can be used to gain a great bounty of runes. /  / The Scadutree is the shadow of the Erdtree. / Born ","Remembrance of the Scadutree Avatar, hewn into the Scadutree. /  / Effect: raises maximum HP by 5%, weapon attack power by 2.5%, and sorcery/incantation damage by 2.5% / (Not consumed on use) /  / The power of its namesake can be unlocked by the Fing"
item_dlc01,GoodsCaption_dlc01.fmg,2002903,"Remembrance of Rellana, the Twin Moon Knight, hewn into the Scadutree. /  / The power of its namesake can be unlocked by the Finger Reader. / Alternatively, it can be used to gain a great bounty of runes. /  / Once a Carian princess, Rellana disavowe","Remembrance of Rellana, the Twin Moon Knight, hewn into the Scadutree. /  / Effect: raises maximum HP by 5%, weapon attack power by 2.5%, and sorcery/incantation damage by 2.5% / (Not consumed on use) /  / The power of its namesake can be unlocked by"
item_dlc01,GoodsCaption_dlc01.fmg,2002904,"Remembrance of Romina, Saint of the Bud, hewn into the Scadutree. /  / The power of its namesake can be unlocked by the Finger Reader. / Alternatively, it can be used to gain a great bounty of runes. /  / After the church was burned to the ground, Ro","Remembrance of Romina, Saint of the Bud, hewn into the Scadutree. /  / Effect: raises maximum HP by 5%, weapon attack power by 2.5%, and sorcery/incantation damage by 2.5% / (Not consumed on use) /  / The power of its namesake can be unlocked by the "
item_dlc01,GoodsCaption_dlc01.fmg,2002905,"Remembrance of the Dancing Lion, hewn into the Scadutree. /  / The power of its namesake can be unlocked by the Finger Reader. / Alternatively, it can be used to gain a great bounty of runes. /  / When the Impaler's army assailed the tower, the ritua","Remembrance of the Dancing Lion, hewn into the Scadutree. /  / Effect: raises maximum HP by 5%, weapon attack power by 2.5%, and sorcery/incantation damage by 2.5% / (Not consumed on use) /  / The power of its namesake can be unlocked by the Finger R"
item_dlc01,GoodsCaption_dlc01.fmg,2002907,"Remembrance of Radahn, consort of Miquella, hewn into the Scadutree. /  / The power of its namesake can be unlocked by the Finger Reader. / Alternatively, it can be used to gain a great bounty of runes. /  / In their childhood, Miquella saw in Radahn","Remembrance of Radahn, consort of Miquella, hewn into the Scadutree. /  / Effect: raises maximum HP by 5%, weapon attack power by 2.5%, and sorcery/incantation damage by 2.5% / (Not consumed on use) /  / The power of its namesake can be unlocked by t"
item_dlc01,GoodsCaption_dlc01.fmg,2002908,"Remembrance of Midra, Lord of Frenzied Flame, hewn into the Scadutree. /  / The power of its namesake can be unlocked by the Finger Reader. / Alternatively, it can be used to gain a great bounty of runes. /  / As the golden barbs inflicted eternal ag","Remembrance of Midra, Lord of Frenzied Flame, hewn into the Scadutree. /  / Effect: raises maximum HP by 5%, weapon attack power by 2.5%, and sorcery/incantation damage by 2.5% / (Not consumed on use) /  / The power of its namesake can be unlocked by"
item_dlc01,GoodsCaption_dlc01.fmg,2002909,"Remembrance of Metyr, the Mother of Fingers, hewn into the Scadutree. /  / The power of its namesake can be unlocked by the Finger Reader. / Alternatively, it can be used to gain a great bounty of runes. /  / The mother of all Two Fingers and Fingerc","Remembrance of Metyr, the Mother of Fingers, hewn into the Scadutree. /  / Effect: raises maximum HP by 5%, weapon attack power by 2.5%, and sorcery/incantation damage by 2.5% / (Not consumed on use) /  / The power of its namesake can be unlocked by "
item_dlc01,GoodsCaption_dlc01.fmg,2002910,"Remembrance of the Putrescent Knight, hewn into the Scadutree. /  / The power of its namesake can be unlocked by the Finger Reader. / Alternatively, it can be used to gain a great bounty of runes. /  / All tainted flesh eventually becomes putrescence","Remembrance of the Putrescent Knight, hewn into the Scadutree. /  / Effect: raises maximum HP by 5%, weapon attack power by 2.5%, and sorcery/incantation damage by 2.5% / (Not consumed on use) /  / The power of its namesake can be unlocked by the Fin"
item_dlc01,GoodsName_dlc01.fmg,2001431,<empty>,Remembrance Dragon Heart
item_dlc01,GoodsInfo_dlc01.fmg,2001431,<empty>,Refreshes power from defeated remembrance bosses
item_dlc01,GoodsCaption_dlc01.fmg,2001431,<empty>,"A heart granted after awakening in the Stranded Graveyard. /  / Use it to refresh the power of eligible remembrance bosses you have defeated. Each of the 21 eligible bosses raises maximum HP by 5%, weapon attack power by 2.5%, and sorcery/incan"
item_dlc02,GoodsCaption.fmg,2950,"Remembrance of Godrick, the Grafted, hewn into the Erdtree. /  /  / Effect: casts all base game grease / (Not consumed on use) /  /  / The power of its namesake can be unlocked by the Finger Reader. / Alternatively, it can be used to gain a great bounty of","Remembrance of Godrick, the Grafted, hewn into the Erdtree. /  /  / Effect: casts all base game grease / (Not consumed on use) /  /  / The power of its namesake can be unlocked by the Finger Reader. /  /  / A feeble man sought power through the grotesque act o"
item_dlc02,GoodsCaption.fmg,2951,"Remembrance of Starscourge Radahn, hewn into the Erdtree. /  /  / Effect: casts all base game body buffs /  / (Not consumed on use) /  /  / The power of its namesake can be unlocked by the Finger Reader. / Alternatively, it can be used to gain a great bounty","Remembrance of Starscourge Radahn, hewn into the Erdtree. /  /  / Effect: casts all base game body buffs /  / (Not consumed on use) /  /  / The power of its namesake can be unlocked by the Finger Reader. /  /  / The Red Lion General wielded gravitational powers "
item_dlc02,GoodsCaption.fmg,2952,"Remembrance of Morgott, the Omen King, hewn into the Erdtree. /  / Effect: increases max hp by 5% / (Not consumed on use) /  /  / The power of its namesake can be unlocked by the Finger Reader. / Alternatively, it can be used to gain a great bounty of ru","Remembrance of Morgott, the Omen King, hewn into the Erdtree. /  / Effect: raises maximum HP by 5%, weapon attack power by 2.5%, and sorcery/incantation damage by 2.5% / (Not consumed on use) /  / The power of its namesake can be unlocked by the Fing"
item_dlc02,GoodsCaption.fmg,2953,"Remembrance of Rykard, Lord of Blasphemy, hewn into the Erdtree. /  / Effect: increases max hp by 5% / (Not consumed on use) /  /  / The power of its namesake can be unlocked by the Finger Reader. / Alternatively, it can be used to gain a great bounty of","Remembrance of Rykard, Lord of Blasphemy, hewn into the Erdtree. /  / Effect: raises maximum HP by 5%, weapon attack power by 2.5%, and sorcery/incantation damage by 2.5% / (Not consumed on use) /  / The power of its namesake can be unlocked by the F"
item_dlc02,GoodsCaption.fmg,2954,"Remembrance of Malenia, Goddess of Rot, hewn into the Erdtree. /  / Effect: grants the user the full power of the Elden Ring by giving them all great rune powers at once / (Use does not consume item) /  /  / The power of its namesake can be unlocked by","Remembrance of Malenia, Goddess of Rot, hewn into the Erdtree. /  / Effect: grants the user the full power of the Elden Ring by giving them all great rune powers at once / (Use does not consume item) /  /  / The power of its namesake can be unlocked by"
item_dlc02,GoodsCaption.fmg,2955,"Remembrance of Mohg, Lord of Blood, hewn into the Erdtree. /  /  / Effect: increases max hp by 5% / (Not consumed on use) /  /  / The power of its namesake can be unlocked by the Finger Reader. / Alternatively, it can be used to gain a great bounty of rune","Remembrance of Mohg, Lord of Blood, hewn into the Erdtree. /  /  / Effect: raises maximum HP by 5%, weapon attack power by 2.5%, and sorcery/incantation damage by 2.5% / (Not consumed on use) /  / The power of its namesake can be unlocked by the Finger"
item_dlc02,GoodsCaption.fmg,2956,"Remembrance of Maliketh, the Black Blade, hewn into the Erdtree. /  / Effect: increases max hp by 5% / (Not consumed on use) /  /  / The power of its namesake can be unlocked by the Finger Reader. / Alternatively, it can be used to gain a great bounty of","Remembrance of Maliketh, the Black Blade, hewn into the Erdtree. /  / Effect: raises maximum HP by 5%, weapon attack power by 2.5%, and sorcery/incantation damage by 2.5% / (Not consumed on use) /  / The power of its namesake can be unlocked by the F"
item_dlc02,GoodsCaption.fmg,2957,"Remembrance of the warrior Hoarah Loux, hewn into the Erdtree. /  /  / Effect: increases max hp by 5% / (Not consumed on use) /  /  / The power of its namesake can be unlocked by the Finger Reader. / Alternatively, it can be used to gain a great bounty of ","Remembrance of the warrior Hoarah Loux, hewn into the Erdtree. /  /  / Effect: raises maximum HP by 5%, weapon attack power by 2.5%, and sorcery/incantation damage by 2.5% / (Not consumed on use) /  / The power of its namesake can be unlocked by the Fi"
item_dlc02,GoodsCaption.fmg,2958,"Remembrance of Dragonlord Placidusax, hewn into the Erdtree. /  /  / Effect: increases max hp by 5% / (Not consumed on use) /  /  / The power of its namesake can be unlocked by the Finger Reader. / Alternatively, it can be used to gain a great bounty of ru","Remembrance of Dragonlord Placidusax, hewn into the Erdtree. /  /  / Effect: raises maximum HP by 5%, weapon attack power by 2.5%, and sorcery/incantation damage by 2.5% / (Not consumed on use) /  / The power of its namesake can be unlocked by the Fing"
item_dlc02,GoodsCaption.fmg,2959,"Remembrance of Rennala, Queen of the Full Moon, hewn into the Erdtree. /  /  / Effect: casts all base and dlc game armaments / (Not consumed on use) /  /  / The power of its namesake can be unlocked by the Finger Reader. / Alternatively, it can be used to ","Remembrance of Rennala, Queen of the Full Moon, hewn into the Erdtree. /  /  / Effect: casts all base and dlc game armaments / (Not consumed on use) /  /  / The power of its namesake can be unlocked by the Finger Reader. /  /  / In her youth, Rennala was a pro"
item_dlc02,GoodsCaption.fmg,2960,"Remembrance of Lichdragon Fortissax, hewn into the Erdtree. /  /  / Effect: increases max hp by 5% / (Not consumed on use) /  /  / The power of its namesake can be unlocked by the Finger Reader. / Alternatively, it can be used to gain a great bounty of run","Remembrance of Lichdragon Fortissax, hewn into the Erdtree. /  /  / Effect: raises maximum HP by 5%, weapon attack power by 2.5%, and sorcery/incantation damage by 2.5% / (Not consumed on use) /  / The power of its namesake can be unlocked by the Finge"
item_dlc02,GoodsCaption.fmg,2961,"Remembrance of Fire Giant, hewn into the Erdtree. /  /  / Effect: increases max hp by 5% / (Not consumed on use) /  /  / The power of its namesake can be unlocked by the Finger Reader. / Alternatively, it can be used to gain a great bounty of runes. /  / The F","Remembrance of Fire Giant, hewn into the Erdtree. /  /  / Effect: raises maximum HP by 5%, weapon attack power by 2.5%, and sorcery/incantation damage by 2.5% / (Not consumed on use) /  / The power of its namesake can be unlocked by the Finger Reader. / "
item_dlc02,GoodsCaption.fmg,2962,"Remembrance of the Regal Ancestor Spirit, hewn into the Erdtree. /  / Effect: increases max hp by 5% / (Not consumed on use) /  /  / The power of its namesake can be unlocked by the Finger Reader. / Alternatively, it can be used to gain a great bounty of","Remembrance of the Regal Ancestor Spirit, hewn into the Erdtree. /  / Effect: raises maximum HP by 5%, weapon attack power by 2.5%, and sorcery/incantation damage by 2.5% / (Not consumed on use) /  / The power of its namesake can be unlocked by the F"
item_dlc02,GoodsCaption.fmg,2963,"Remembrance of the Elden Beast, hewn into the Erdtree. /  / Effect: increases max hp by 5% / (Not consumed on use) /  /  / The power of its namesake can be unlocked by the Finger Reader. / Alternatively, it can be used to gain a great bounty of runes. /  / I","Remembrance of the Elden Beast, hewn into the Erdtree. /  / Effect: raises maximum HP by 5%, weapon attack power by 2.5%, and sorcery/incantation damage by 2.5% / (Not consumed on use) /  / The power of its namesake can be unlocked by the Finger Read"
item_dlc02,GoodsCaption.fmg,2964,"Remembrance of Astel, Naturalborn of the Void, hewn into the Erdtree. /  / Effect: increases max hp by 5% / (Not consumed on use) /  /  / The power of its namesake can be unlocked by the Finger Reader. / Alternatively, it can be used to gain a great boun","Remembrance of Astel, Naturalborn of the Void, hewn into the Erdtree. /  / Effect: raises maximum HP by 5%, weapon attack power by 2.5%, and sorcery/incantation damage by 2.5% / (Not consumed on use) /  / The power of its namesake can be unlocked by "
item_dlc02,GoodsCaption_dlc01.fmg,2002900,"Remembrance of Commander Gaius, hewn into the Scadutree. /  / The power of its namesake can be unlocked by the Finger Reader. / Alternatively, it can be used to gain a great bounty of runes. /  / Both were as elder brothers to the lion, and both were","Remembrance of Commander Gaius, hewn into the Scadutree. /  / Effect: raises maximum HP by 5%, weapon attack power by 2.5%, and sorcery/incantation damage by 2.5% / (Not consumed on use) /  / The power of its namesake can be unlocked by the Finger Re"
item_dlc02,GoodsCaption_dlc01.fmg,2002901,"Remembrance of Messmer the Impaler, hewn into the Scadutree. /  / The power of its namesake can be unlocked by the Finger Reader. / Alternatively, it can be used to gain a great bounty of runes. /  / A malevolent snake writhed within Messmer, and so ","Remembrance of Messmer the Impaler, hewn into the Scadutree. /  / Effect: raises maximum HP by 5%, weapon attack power by 2.5%, and sorcery/incantation damage by 2.5% / (Not consumed on use) /  / The power of its namesake can be unlocked by the Finge"
item_dlc02,GoodsCaption_dlc01.fmg,2002902,"Remembrance of the Scadutree Avatar, hewn into the Scadutree. /  / The power of its namesake can be unlocked by the Finger Reader. / Alternatively, it can be used to gain a great bounty of runes. /  / The Scadutree is the shadow of the Erdtree. / Born ","Remembrance of the Scadutree Avatar, hewn into the Scadutree. /  / Effect: raises maximum HP by 5%, weapon attack power by 2.5%, and sorcery/incantation damage by 2.5% / (Not consumed on use) /  / The power of its namesake can be unlocked by the Fing"
item_dlc02,GoodsCaption_dlc01.fmg,2002903,"Remembrance of Rellana, the Twin Moon Knight, hewn into the Scadutree. /  / The power of its namesake can be unlocked by the Finger Reader. / Alternatively, it can be used to gain a great bounty of runes. /  / Once a Carian princess, Rellana disavowe","Remembrance of Rellana, the Twin Moon Knight, hewn into the Scadutree. /  / Effect: raises maximum HP by 5%, weapon attack power by 2.5%, and sorcery/incantation damage by 2.5% / (Not consumed on use) /  / The power of its namesake can be unlocked by"
item_dlc02,GoodsCaption_dlc01.fmg,2002904,"Remembrance of Romina, Saint of the Bud, hewn into the Scadutree. /  / The power of its namesake can be unlocked by the Finger Reader. / Alternatively, it can be used to gain a great bounty of runes. /  / After the church was burned to the ground, Ro","Remembrance of Romina, Saint of the Bud, hewn into the Scadutree. /  / Effect: raises maximum HP by 5%, weapon attack power by 2.5%, and sorcery/incantation damage by 2.5% / (Not consumed on use) /  / The power of its namesake can be unlocked by the "
item_dlc02,GoodsCaption_dlc01.fmg,2002905,"Remembrance of the Dancing Lion, hewn into the Scadutree. /  / The power of its namesake can be unlocked by the Finger Reader. / Alternatively, it can be used to gain a great bounty of runes. /  / When the Impaler's army assailed the tower, the ritua","Remembrance of the Dancing Lion, hewn into the Scadutree. /  / Effect: raises maximum HP by 5%, weapon attack power by 2.5%, and sorcery/incantation damage by 2.5% / (Not consumed on use) /  / The power of its namesake can be unlocked by the Finger R"
item_dlc02,GoodsCaption_dlc01.fmg,2002907,"Remembrance of Radahn, consort of Miquella, hewn into the Scadutree. /  / The power of its namesake can be unlocked by the Finger Reader. / Alternatively, it can be used to gain a great bounty of runes. /  / In their childhood, Miquella saw in Radahn","Remembrance of Radahn, consort of Miquella, hewn into the Scadutree. /  / Effect: raises maximum HP by 5%, weapon attack power by 2.5%, and sorcery/incantation damage by 2.5% / (Not consumed on use) /  / The power of its namesake can be unlocked by t"
item_dlc02,GoodsCaption_dlc01.fmg,2002908,"Remembrance of Midra, Lord of Frenzied Flame, hewn into the Scadutree. /  / The power of its namesake can be unlocked by the Finger Reader. / Alternatively, it can be used to gain a great bounty of runes. /  / As the golden barbs inflicted eternal ag","Remembrance of Midra, Lord of Frenzied Flame, hewn into the Scadutree. /  / Effect: raises maximum HP by 5%, weapon attack power by 2.5%, and sorcery/incantation damage by 2.5% / (Not consumed on use) /  / The power of its namesake can be unlocked by"
item_dlc02,GoodsCaption_dlc01.fmg,2002909,"Remembrance of Metyr, the Mother of Fingers, hewn into the Scadutree. /  /  / The mother of all Two Fingers and Fingercreepers was in turn a magnificently gleaming daughter of the Greater Will, and the first shooting star to fall upon the Lands B","Remembrance of Metyr, the Mother of Fingers, hewn into the Scadutree. /  / Effect: raises maximum HP by 5%, weapon attack power by 2.5%, and sorcery/incantation damage by 2.5% / (Not consumed on use) /  /  / The mother of all Two Fingers and Fingercree"
item_dlc02,GoodsCaption_dlc01.fmg,2002910,"Remembrance of the Putrescent Knight, hewn into the Scadutree. /  / The power of its namesake can be unlocked by the Finger Reader. / Alternatively, it can be used to gain a great bounty of runes. /  / All tainted flesh eventually becomes putrescence","Remembrance of the Putrescent Knight, hewn into the Scadutree. /  / Effect: raises maximum HP by 5%, weapon attack power by 2.5%, and sorcery/incantation damage by 2.5% / (Not consumed on use) /  / The power of its namesake can be unlocked by the Fin"
item_dlc02,GoodsName_dlc01.fmg,2001431,<empty>,Remembrance Dragon Heart
item_dlc02,GoodsInfo_dlc01.fmg,2001431,<empty>,Refreshes power from defeated remembrance bosses
item_dlc02,GoodsCaption_dlc01.fmg,2001431,<empty>,"A heart granted after awakening in the Stranded Graveyard. /  / Use it to refresh the power of eligible remembrance bosses you have defeated. Each of the 21 eligible bosses raises maximum HP by 5%, weapon attack power by 2.5%, and sorcery/incan"
