参数表,行ID,字段,原值,待合并值
EquipParamGoods,2002900,refId_default,20502900,321412
EquipParamGoods,2002900,isConsume,1,0
SpEffectParam,321412,maxMpRate,1.05,1.0
SpEffectParam,321412,maxStaminaRate,1.05,1.0
EquipParamGoods,2002901,refId_default,20502901,321413
EquipParamGoods,2002901,isConsume,1,0
SpEffectParam,321413,maxMpRate,1.05,1.0
SpEffectParam,321413,maxStaminaRate,1.05,1.0
EquipParamGoods,2002902,refId_default,20502902,321414
EquipParamGoods,2002902,isConsume,1,0
SpEffectParam,321414,maxMpRate,1.05,1.0
SpEffectParam,321414,maxStaminaRate,1.05,1.0
EquipParamGoods,2002903,refId_default,20502903,321415
EquipParamGoods,2002903,isConsume,1,0
SpEffectParam,321415,maxMpRate,1.05,1.0
SpEffectParam,321415,maxStaminaRate,1.05,1.0
EquipParamGoods,2002904,refId_default,20502904,321416
EquipParamGoods,2002904,isConsume,1,0
SpEffectParam,321416,maxMpRate,1.05,1.0
SpEffectParam,321416,maxStaminaRate,1.05,1.0
EquipParamGoods,2002905,refId_default,20502905,321417
EquipParamGoods,2002905,isConsume,1,0
SpEffectParam,321417,maxMpRate,1.05,1.0
SpEffectParam,321417,maxStaminaRate,1.05,1.0
EquipParamGoods,2002907,refId_default,20502907,321418
EquipParamGoods,2002907,isConsume,1,0
SpEffectParam,321418,maxMpRate,1.05,1.0
SpEffectParam,321418,maxStaminaRate,1.05,1.0
EquipParamGoods,2002908,refId_default,20502908,321419
EquipParamGoods,2002908,isConsume,1,0
SpEffectParam,321419,maxMpRate,1.05,1.0
SpEffectParam,321419,maxStaminaRate,1.05,1.0
EquipParamGoods,2002909,refId_default,-1,321420
SpEffectParam,321420,maxMpRate,1.05,1.0
SpEffectParam,321420,maxStaminaRate,1.05,1.0
EquipParamGoods,2002910,refId_default,20502910,321421
EquipParamGoods,2002910,isConsume,1,0
SpEffectParam,321421,maxMpRate,1.05,1.0
SpEffectParam,321421,maxStaminaRate,1.05,1.0
ItemLotParam_map,10401,lotItemId01,2001431,0
ItemLotParam_map,10401,lotItemCategory01,1,0
ItemLotParam_map,10461,lotItemId01,2001432,0
ItemLotParam_map,10461,lotItemCategory01,1,0
ItemLotParam_map,10481,lotItemId01,2001433,0
ItemLotParam_map,10481,lotItemCategory01,1,0
ItemLotParam_map,10551,lotItemId01,2001434,0
ItemLotParam_map,10551,lotItemCategory01,1,0
ItemLotParam_map,10561,lotItemId01,2001435,0
ItemLotParam_map,10561,lotItemCategory01,1,0
ItemLotParam_map,10601,lotItemId01,2001436,0
ItemLotParam_map,10601,lotItemCategory01,1,0
ItemLotParam_map,10622,lotItemId01,2001437,0
ItemLotParam_map,10622,lotItemCategory01,1,0
ItemLotParam_map,10632,lotItemId01,2001438,0
ItemLotParam_map,10632,lotItemCategory01,1,0
ItemLotParam_map,10641,lotItemId01,2001439,0
ItemLotParam_map,10641,lotItemCategory01,1,0
ItemLotParam_map,10901,lotItemId01,2001440,0
ItemLotParam_map,10901,lotItemCategory01,1,0
