追忆效果ID,法术专用子效果ID,倍率,状态
321412,321435,1.025,待游戏验证
321413,321436,1.025,待游戏验证
321414,321437,1.025,待游戏验证
321415,321438,1.025,待游戏验证
321416,321439,1.025,待游戏验证
321417,321440,1.025,待游戏验证
321418,321441,1.025,待游戏验证
321419,321442,1.025,待游戏验证
321420,321443,1.025,待游戏验证
321421,321444,1.025,待游戏验证
321424,321445,1.025,待游戏验证
321425,321446,1.025,待游戏验证
321426,321447,1.025,待游戏验证
321427,321448,1.025,待游戏验证
321428,321449,1.025,待游戏验证
321429,321450,1.025,待游戏验证
321430,321451,1.025,待游戏验证
321431,321452,1.025,待游戏验证
321432,321453,1.025,待游戏验证
321433,321454,1.025,待游戏验证
321434,321455,1.025,待游戏验证
