类别,参数表,行ID,字段,本版原值,恢复后的 Ascended 值
敌人基础血量,NpcParam,20100000,hp,2640,4500
敌人基础血量,NpcParam,20101000,hp,2640,4500
敌人基础血量,NpcParam,20108000,hp,2640,5000
敌人基础血量,NpcParam,20108500,hp,2640,10000
敌人基础血量,NpcParam,20108562,hp,2640,10000
敌人基础血量,NpcParam,20109000,hp,2640,9000
敌人基础血量,NpcParam,20109120,hp,2640,9000
敌人基础血量,NpcParam,20300000,hp,2904,7000
敌人基础血量,NpcParam,20300024,hp,2904,7000
敌人基础血量,NpcParam,20310000,hp,3406,10000
敌人基础血量,NpcParam,20310024,hp,3406,20000
敌人基础血量,NpcParam,20410056,hp,154,1500
敌人基础血量,NpcParam,21000000,hp,1462,2000
敌人基础血量,NpcParam,21000001,hp,1462,8000
敌人基础血量,NpcParam,21000034,hp,1462,2000
敌人基础血量,NpcParam,21000052,hp,1462,2000
敌人基础血量,NpcParam,21000735,hp,1462,2000
敌人基础血量,NpcParam,21000820,hp,1462,9000
敌人基础血量,NpcParam,21000830,hp,1462,9000
敌人基础血量,NpcParam,21000930,hp,1462,9000
敌人基础血量,NpcParam,21001000,hp,1462,2000
敌人基础血量,NpcParam,21001010,hp,1462,3000
敌人基础血量,NpcParam,21002922,hp,2614,10000
敌人基础血量,NpcParam,21100000,hp,3176,8000
敌人基础血量,NpcParam,21100072,hp,3176,15000
敌人基础血量,NpcParam,21101000,hp,3176,8000
敌人基础血量,NpcParam,21101072,hp,3176,25000
敌人基础血量,NpcParam,21102000,hp,3176,8000
敌人基础血量,NpcParam,21200000,hp,4978,8000
敌人基础血量,NpcParam,21200056,hp,4978,25000
敌人基础血量,NpcParam,21201000,hp,4978,25000
敌人基础血量,NpcParam,21201100,hp,4978,10000
敌人基础血量,NpcParam,21201102,hp,4978,20000
敌人基础血量,NpcParam,21202000,hp,4978,8000
敌人基础血量,NpcParam,21202056,hp,4978,8000
敌人基础血量,NpcParam,21203000,hp,4978,8000
敌人基础血量,NpcParam,21203056,hp,4978,8000
敌人基础血量,NpcParam,21209000,hp,4978,8000
敌人基础血量,NpcParam,21300000,hp,5042,7000
敌人基础血量,NpcParam,21300014,hp,5042,8500
敌人基础血量,NpcParam,21300033,hp,5042,9500
敌人基础血量,NpcParam,21300500,hp,5042,7000
敌人基础血量,NpcParam,21300534,hp,5042,20000
敌人基础血量,NpcParam,21400001,hp,1804,8000
敌人基础血量,NpcParam,21400114,hp,1804,2000
敌人基础血量,NpcParam,21401000,hp,1804,2000
敌人基础血量,NpcParam,21403050,hp,3250,10000
敌人基础血量,NpcParam,21403051,hp,3250,8000
敌人基础血量,NpcParam,21403100,hp,2700,3200
敌人基础血量,NpcParam,21403150,hp,2700,10000
敌人基础血量,NpcParam,21409000,hp,1804,3200
敌人基础血量,NpcParam,21900000,hp,3786,20000
敌人基础血量,NpcParam,21900001,hp,3786,30000
敌人基础血量,NpcParam,21900078,hp,3786,25000
敌人基础血量,NpcParam,22000000,hp,6280,20000
敌人基础血量,NpcParam,22000001,hp,6280,30000
敌人基础血量,NpcParam,22000078,hp,6280,25000
敌人基础血量,NpcParam,22700000,hp,714,2500
敌人基础血量,NpcParam,22700010,hp,714,1000
敌人基础血量,NpcParam,22700012,hp,714,1000
敌人基础血量,NpcParam,22700013,hp,714,1000
敌人基础血量,NpcParam,22700032,hp,714,1000
敌人基础血量,NpcParam,22700033,hp,714,1000
敌人基础血量,NpcParam,22700064,hp,714,1000
敌人基础血量,NpcParam,22700100,hp,714,1000
敌人基础血量,NpcParam,22700210,hp,714,3200
敌人基础血量,NpcParam,22720000,hp,714,1000
敌人基础血量,NpcParam,22720020,hp,714,1000
敌人基础血量,NpcParam,22720100,hp,714,1000
敌人基础血量,NpcParam,22720112,hp,714,1000
敌人基础血量,NpcParam,22740000,hp,714,1000
敌人基础血量,NpcParam,22740020,hp,714,1000
敌人基础血量,NpcParam,22740021,hp,714,1000
敌人基础血量,NpcParam,22740024,hp,714,1000
敌人基础血量,NpcParam,22740052,hp,714,1000
敌人基础血量,NpcParam,22740120,hp,714,3200
敌人基础血量,NpcParam,22760000,hp,714,1000
敌人基础血量,NpcParam,22760002,hp,714,8000
敌人基础血量,NpcParam,22760020,hp,714,1000
敌人基础血量,NpcParam,22760033,hp,714,3200
敌人基础血量,NpcParam,22760034,hp,714,10000
敌人基础血量,NpcParam,25000030,hp,1680,3000
敌人基础血量,NpcParam,25000172,hp,1680,3500
敌人基础血量,NpcParam,25000933,hp,1680,9000
敌人基础血量,NpcParam,25000941,hp,1680,7000
敌人基础血量,NpcParam,25001066,hp,1680,10000
敌人基础血量,NpcParam,25001933,hp,1680,9000
敌人基础血量,NpcParam,25006000,hp,378,2500
敌人基础血量,NpcParam,25006002,hp,378,4000
敌人基础血量,NpcParam,25006100,hp,378,400
敌人基础血量,NpcParam,25007000,hp,378,400
敌人基础血量,NpcParam,25007100,hp,378,400
敌人基础血量,NpcParam,25009000,hp,1680,3200
敌人基础血量,NpcParam,25009139,hp,1680,10000
敌人基础血量,NpcParam,30003034,hp,268,2500
敌人基础血量,NpcParam,30007051,hp,268,400
敌人基础血量,NpcParam,30008000,hp,268,400
敌人基础血量,NpcParam,30100001,hp,954,2500
敌人基础血量,NpcParam,30102034,hp,954,2500
敌人基础血量,NpcParam,30107051,hp,954,5000
敌人基础血量,NpcParam,30208000,hp,384,500
敌人基础血量,NpcParam,30208040,hp,384,3000
敌人基础血量,NpcParam,30208041,hp,384,1500
敌人基础血量,NpcParam,30500051,hp,5668,15000
敌人基础血量,NpcParam,30500052,hp,5668,15000
敌人基础血量,NpcParam,30509999,hp,5668,8000
敌人基础血量,NpcParam,30601000,hp,1226,1250
敌人基础血量,NpcParam,30601020,hp,1226,1250
敌人基础血量,NpcParam,30601030,hp,1226,1250
敌人基础血量,NpcParam,30601040,hp,1226,2000
敌人基础血量,NpcParam,30601050,hp,1226,2000
敌人基础血量,NpcParam,30611072,hp,1226,1500
敌人基础血量,NpcParam,30703030,hp,466,800
敌人基础血量,NpcParam,30704000,hp,466,800
敌人基础血量,NpcParam,30704030,hp,466,4500
敌人基础血量,NpcParam,31000000,hp,3014,3500
敌人基础血量,NpcParam,31000001,hp,3014,12000
敌人基础血量,NpcParam,31000002,hp,3014,9000
敌人基础血量,NpcParam,31000010,hp,3014,5500
敌人基础血量,NpcParam,31000020,hp,3014,9000
敌人基础血量,NpcParam,31000033,hp,3014,9000
敌人基础血量,NpcParam,31000042,hp,3014,9000
敌人基础血量,NpcParam,31000931,hp,3014,10000
敌人基础血量,NpcParam,31500000,hp,2012,4000
敌人基础血量,NpcParam,31500020,hp,2012,7000
敌人基础血量,NpcParam,31500032,hp,2012,4000
敌人基础血量,NpcParam,31500040,hp,2012,4000
敌人基础血量,NpcParam,31500042,hp,2012,4000
敌人基础血量,NpcParam,31500050,hp,2012,7000
敌人基础血量,NpcParam,31500052,hp,2012,7500
敌人基础血量,NpcParam,31501012,hp,2012,4000
敌人基础血量,NpcParam,31501030,hp,2012,7000
敌人基础血量,NpcParam,31501040,hp,2012,5000
敌人基础血量,NpcParam,31501052,hp,2012,11000
敌人基础血量,NpcParam,31600000,hp,2178,7500
敌人基础血量,NpcParam,31600010,hp,2178,7500
敌人基础血量,NpcParam,31600012,hp,2178,7500
敌人基础血量,NpcParam,31600020,hp,2178,7500
敌人基础血量,NpcParam,31600030,hp,2178,7500
敌人基础血量,NpcParam,31600032,hp,2178,7500
敌人基础血量,NpcParam,31600040,hp,2178,7500
敌人基础血量,NpcParam,31600042,hp,2178,7500
敌人基础血量,NpcParam,31600050,hp,2178,7500
敌人基础血量,NpcParam,31600052,hp,2178,7500
敌人基础血量,NpcParam,31700000,hp,974,4000
敌人基础血量,NpcParam,31701052,hp,974,4000
敌人基础血量,NpcParam,31810000,hp,1946,6000
敌人基础血量,NpcParam,31810001,hp,1946,15000
敌人基础血量,NpcParam,31810002,hp,1946,15000
敌人基础血量,NpcParam,31810020,hp,1946,6000
敌人基础血量,NpcParam,31810022,hp,1946,6000
敌人基础血量,NpcParam,31810052,hp,1946,6000
敌人基础血量,NpcParam,31810065,hp,1946,6000
敌人基础血量,NpcParam,31811000,hp,1946,6000
敌人基础血量,NpcParam,31811024,hp,1946,9500
敌人基础血量,NpcParam,31811032,hp,1946,15000
敌人基础血量,NpcParam,31811052,hp,1946,9000
敌人基础血量,NpcParam,32500001,hp,4072,15000
敌人基础血量,NpcParam,32500033,hp,4072,10000
敌人基础血量,NpcParam,32500070,hp,4072,10000
敌人基础血量,NpcParam,32500072,hp,4072,10000
敌人基础血量,NpcParam,32510000,hp,3490,3500
敌人基础血量,NpcParam,32510001,hp,3490,9000
敌人基础血量,NpcParam,32510002,hp,3490,14000
敌人基础血量,NpcParam,32510010,hp,3490,3500
敌人基础血量,NpcParam,32510030,hp,3490,10000
敌人基础血量,NpcParam,32510034,hp,3490,3500
敌人基础血量,NpcParam,32510070,hp,3490,3500
敌人基础血量,NpcParam,32511000,hp,2908,6000
敌人基础血量,NpcParam,32511030,hp,2908,10000
敌人基础血量,NpcParam,32520000,hp,3720,6500
敌人基础血量,NpcParam,32520001,hp,3720,12000
敌人基础血量,NpcParam,32520054,hp,3720,25000
敌人基础血量,NpcParam,32520100,hp,3720,6500
敌人基础血量,NpcParam,32520921,hp,3720,16000
敌人基础血量,NpcParam,33000062,hp,678,2500
敌人基础血量,NpcParam,33000940,hp,678,10000
敌人基础血量,NpcParam,33001101,hp,678,8000
敌人基础血量,NpcParam,33001940,hp,678,10000
敌人基础血量,NpcParam,33002000,hp,678,1500
敌人基础血量,NpcParam,33002062,hp,678,1500
敌人基础血量,NpcParam,33002065,hp,678,1500
敌人基础血量,NpcParam,33200000,hp,222,1000
敌人基础血量,NpcParam,33200062,hp,222,500
敌人基础血量,NpcParam,33200100,hp,222,500
敌人基础血量,NpcParam,33200162,hp,222,500
敌人基础血量,NpcParam,33200200,hp,222,500
敌人基础血量,NpcParam,33200262,hp,222,500
敌人基础血量,NpcParam,33200265,hp,222,500
敌人基础血量,NpcParam,33201000,hp,222,500
敌人基础血量,NpcParam,33201052,hp,222,3500
敌人基础血量,NpcParam,33201062,hp,222,500
敌人基础血量,NpcParam,33201065,hp,222,5000
敌人基础血量,NpcParam,33201100,hp,222,500
敌人基础血量,NpcParam,33201165,hp,222,500
敌人基础血量,NpcParam,33202000,hp,222,500
敌人基础血量,NpcParam,33202062,hp,222,500
敌人基础血量,NpcParam,33202100,hp,222,500
敌人基础血量,NpcParam,33202200,hp,222,500
敌人基础血量,NpcParam,33202262,hp,222,500
敌人基础血量,NpcParam,33209000,hp,222,500
敌人基础血量,NpcParam,33209010,hp,222,500
敌人基础血量,NpcParam,33300000,hp,1104,2000
敌人基础血量,NpcParam,33300040,hp,1104,2000
敌人基础血量,NpcParam,33300042,hp,1104,2000
敌人基础血量,NpcParam,33300062,hp,1104,2000
敌人基础血量,NpcParam,33300065,hp,1104,2000
敌人基础血量,NpcParam,33300100,hp,1104,2000
敌人基础血量,NpcParam,33300162,hp,1104,2000
敌人基础血量,NpcParam,33300262,hp,1104,2000
敌人基础血量,NpcParam,33300600,hp,1104,2000
敌人基础血量,NpcParam,33300662,hp,1104,2000
敌人基础血量,NpcParam,33300665,hp,1104,2000
敌人基础血量,NpcParam,33300700,hp,1104,2000
敌人基础血量,NpcParam,33300762,hp,1104,2000
敌人基础血量,NpcParam,33300800,hp,1104,2000
敌人基础血量,NpcParam,33300862,hp,1104,9000
敌人基础血量,NpcParam,33500000,hp,704,1200
敌人基础血量,NpcParam,33500022,hp,704,1200
敌人基础血量,NpcParam,33500154,hp,704,1200
敌人基础血量,NpcParam,33500920,hp,704,5500
敌人基础血量,NpcParam,33500930,hp,704,10000
敌人基础血量,NpcParam,33500940,hp,1396,5500
敌人基础血量,NpcParam,33501000,hp,704,1200
敌人基础血量,NpcParam,33501020,hp,704,1200
敌人基础血量,NpcParam,33501022,hp,704,1200
敌人基础血量,NpcParam,33501154,hp,704,1200
敌人基础血量,NpcParam,33501920,hp,704,4500
敌人基础血量,NpcParam,33501930,hp,704,10000
敌人基础血量,NpcParam,33501940,hp,1396,5500
敌人基础血量,NpcParam,33502000,hp,704,1200
敌人基础血量,NpcParam,33502154,hp,704,1200
敌人基础血量,NpcParam,33502920,hp,704,4500
敌人基础血量,NpcParam,33502940,hp,1396,5500
敌人基础血量,NpcParam,33507000,hp,704,1200
敌人基础血量,NpcParam,33507100,hp,704,1200
敌人基础血量,NpcParam,33507300,hp,704,1200
敌人基础血量,NpcParam,33600000,hp,632,1000
敌人基础血量,NpcParam,33600020,hp,632,1000
敌人基础血量,NpcParam,33600062,hp,632,1000
敌人基础血量,NpcParam,33600064,hp,632,1000
敌人基础血量,NpcParam,33600065,hp,632,1000
敌人基础血量,NpcParam,33600100,hp,632,1000
敌人基础血量,NpcParam,33600200,hp,632,1000
敌人基础血量,NpcParam,33600264,hp,632,1000
敌人基础血量,NpcParam,33600265,hp,632,1000
敌人基础血量,NpcParam,33600300,hp,632,1000
敌人基础血量,NpcParam,33600500,hp,632,1000
敌人基础血量,NpcParam,33600520,hp,632,1000
敌人基础血量,NpcParam,33600564,hp,632,1000
敌人基础血量,NpcParam,33600565,hp,632,1000
敌人基础血量,NpcParam,33600600,hp,632,1000
敌人基础血量,NpcParam,33600700,hp,632,1000
敌人基础血量,NpcParam,33600764,hp,632,1000
敌人基础血量,NpcParam,33600765,hp,632,1000
敌人基础血量,NpcParam,33601000,hp,632,1000
敌人基础血量,NpcParam,33601064,hp,632,1000
敌人基础血量,NpcParam,33601065,hp,632,1000
敌人基础血量,NpcParam,33601100,hp,632,1000
敌人基础血量,NpcParam,33601200,hp,632,1000
敌人基础血量,NpcParam,33601264,hp,632,1000
敌人基础血量,NpcParam,33601265,hp,632,1000
敌人基础血量,NpcParam,33601300,hp,632,1000
敌人基础血量,NpcParam,33601365,hp,632,1000
敌人基础血量,NpcParam,33602000,hp,632,1000
敌人基础血量,NpcParam,33602064,hp,632,1000
敌人基础血量,NpcParam,33602065,hp,632,1000
敌人基础血量,NpcParam,33602100,hp,632,1000
敌人基础血量,NpcParam,33602200,hp,632,1000
敌人基础血量,NpcParam,33602264,hp,632,1000
敌人基础血量,NpcParam,33602265,hp,632,1000
敌人基础血量,NpcParam,33602300,hp,632,1000
敌人基础血量,NpcParam,33602352,hp,632,1000
敌人基础血量,NpcParam,33602365,hp,632,1000
敌人基础血量,NpcParam,33605000,hp,632,1000
敌人基础血量,NpcParam,33605064,hp,632,1000
敌人基础血量,NpcParam,33605200,hp,632,1000
敌人基础血量,NpcParam,33605264,hp,632,1000
敌人基础血量,NpcParam,33605500,hp,632,1000
敌人基础血量,NpcParam,33605564,hp,632,1000
敌人基础血量,NpcParam,33605700,hp,632,1000
敌人基础血量,NpcParam,33605764,hp,632,1000
敌人基础血量,NpcParam,33606000,hp,632,1000
敌人基础血量,NpcParam,33606064,hp,632,1000
敌人基础血量,NpcParam,33606200,hp,632,1000
敌人基础血量,NpcParam,33606264,hp,632,1000
敌人基础血量,NpcParam,33607000,hp,632,1000
敌人基础血量,NpcParam,33607064,hp,632,1000
敌人基础血量,NpcParam,33607200,hp,632,1000
敌人基础血量,NpcParam,33607264,hp,632,1000
敌人基础血量,NpcParam,33610000,hp,632,1000
敌人基础血量,NpcParam,33610062,hp,632,1000
敌人基础血量,NpcParam,33610200,hp,632,1000
敌人基础血量,NpcParam,33610300,hp,632,1000
敌人基础血量,NpcParam,33610500,hp,632,1000
敌人基础血量,NpcParam,33610562,hp,632,1000
敌人基础血量,NpcParam,33610700,hp,632,1000
敌人基础血量,NpcParam,33611000,hp,632,1000
敌人基础血量,NpcParam,33611062,hp,632,1000
敌人基础血量,NpcParam,33611200,hp,632,1000
敌人基础血量,NpcParam,33611300,hp,632,1000
敌人基础血量,NpcParam,33612000,hp,632,1000
敌人基础血量,NpcParam,33612062,hp,632,1000
敌人基础血量,NpcParam,33612200,hp,632,1000
敌人基础血量,NpcParam,33612300,hp,632,1000
敌人基础血量,NpcParam,33700000,hp,900,2500
敌人基础血量,NpcParam,33700052,hp,900,1000
敌人基础血量,NpcParam,33700064,hp,900,1000
敌人基础血量,NpcParam,33700065,hp,900,1000
敌人基础血量,NpcParam,33700100,hp,900,1000
敌人基础血量,NpcParam,33700200,hp,900,1000
敌人基础血量,NpcParam,33700265,hp,900,1000
敌人基础血量,NpcParam,33700865,hp,900,1000
敌人基础血量,NpcParam,33710000,hp,900,1000
敌人基础血量,NpcParam,33710062,hp,900,1000
敌人基础血量,NpcParam,33710100,hp,900,1000
敌人基础血量,NpcParam,33710101,hp,900,8000
敌人基础血量,NpcParam,34000001,hp,2560,8000
敌人基础血量,NpcParam,34000002,hp,2560,3000
敌人基础血量,NpcParam,34000034,hp,2560,3500
敌人基础血量,NpcParam,34000940,hp,2560,5500
敌人基础血量,NpcParam,34000952,hp,2560,10000
敌人基础血量,NpcParam,34001000,hp,1920,2400
敌人基础血量,NpcParam,34001034,hp,1920,2400
敌人基础血量,NpcParam,34001100,hp,1920,3500
敌人基础血量,NpcParam,34001110,hp,1920,3500
敌人基础血量,NpcParam,34001133,hp,1920,6500
敌人基础血量,NpcParam,34001200,hp,1920,3500
敌人基础血量,NpcParam,34001252,hp,1920,3500
敌人基础血量,NpcParam,34001254,hp,1920,3500
敌人基础血量,NpcParam,34001256,hp,1920,3500
敌人基础血量,NpcParam,34001300,hp,1920,3500
敌人基础血量,NpcParam,34001800,hp,1920,3500
敌人基础血量,NpcParam,34001852,hp,1920,3500
敌人基础血量,NpcParam,34500000,hp,384,450
敌人基础血量,NpcParam,34500030,hp,384,450
敌人基础血量,NpcParam,34500034,hp,384,450
敌人基础血量,NpcParam,34500054,hp,384,450
敌人基础血量,NpcParam,34500100,hp,384,450
敌人基础血量,NpcParam,34501000,hp,384,450
敌人基础血量,NpcParam,34501002,hp,384,3500
敌人基础血量,NpcParam,34501020,hp,384,450
敌人基础血量,NpcParam,34501030,hp,384,450
敌人基础血量,NpcParam,34501034,hp,384,450
敌人基础血量,NpcParam,34501052,hp,384,450
敌人基础血量,NpcParam,34501054,hp,384,450
敌人基础血量,NpcParam,34501100,hp,384,450
敌人基础血量,NpcParam,34501354,hp,384,450
敌人基础血量,NpcParam,34502000,hp,384,450
敌人基础血量,NpcParam,34502030,hp,384,450
敌人基础血量,NpcParam,34502054,hp,384,450
敌人基础血量,NpcParam,34502100,hp,384,450
敌人基础血量,NpcParam,34502354,hp,384,2000
敌人基础血量,NpcParam,34510202,hp,1062,5500
敌人基础血量,NpcParam,34510912,hp,1062,3500
敌人基础血量,NpcParam,34600930,hp,1328,7000
敌人基础血量,NpcParam,34600941,hp,1328,6500
敌人基础血量,NpcParam,34601000,hp,1328,2000
敌人基础血量,NpcParam,34601952,hp,1328,10000
敌人基础血量,NpcParam,34601953,hp,1328,9500
敌人基础血量,NpcParam,34601955,hp,1328,8000
敌人基础血量,NpcParam,34700000,hp,494,800
敌人基础血量,NpcParam,34700100,hp,338,800
敌人基础血量,NpcParam,34700200,hp,494,800
敌人基础血量,NpcParam,34700268,hp,494,800
敌人基础血量,NpcParam,34700300,hp,494,800
敌人基础血量,NpcParam,34700352,hp,494,800
敌人基础血量,NpcParam,34700400,hp,494,800
敌人基础血量,NpcParam,34700452,hp,494,800
敌人基础血量,NpcParam,34701000,hp,494,800
敌人基础血量,NpcParam,34701100,hp,338,800
敌人基础血量,NpcParam,34701200,hp,494,800
敌人基础血量,NpcParam,34701300,hp,338,800
敌人基础血量,NpcParam,34701400,hp,494,800
敌人基础血量,NpcParam,34701468,hp,494,800
敌人基础血量,NpcParam,34701500,hp,494,800
敌人基础血量,NpcParam,34701552,hp,494,800
敌人基础血量,NpcParam,34701600,hp,494,800
敌人基础血量,NpcParam,34701652,hp,494,800
敌人基础血量,NpcParam,34702000,hp,494,800
敌人基础血量,NpcParam,34702100,hp,338,800
敌人基础血量,NpcParam,34702200,hp,494,800
敌人基础血量,NpcParam,34702300,hp,338,800
敌人基础血量,NpcParam,34702400,hp,494,800
敌人基础血量,NpcParam,34702468,hp,494,800
敌人基础血量,NpcParam,34702500,hp,494,800
敌人基础血量,NpcParam,34702552,hp,494,800
敌人基础血量,NpcParam,34703000,hp,338,800
敌人基础血量,NpcParam,34703068,hp,338,800
敌人基础血量,NpcParam,34703100,hp,338,800
敌人基础血量,NpcParam,34703200,hp,338,800
敌人基础血量,NpcParam,34703252,hp,338,800
敌人基础血量,NpcParam,34704000,hp,494,800
敌人基础血量,NpcParam,34704100,hp,338,800
敌人基础血量,NpcParam,34704200,hp,494,800
敌人基础血量,NpcParam,34704268,hp,494,800
敌人基础血量,NpcParam,34704300,hp,494,800
敌人基础血量,NpcParam,34704352,hp,494,800
敌人基础血量,NpcParam,34715000,hp,1098,2000
敌人基础血量,NpcParam,34715100,hp,776,800
敌人基础血量,NpcParam,34715200,hp,1098,1500
敌人基础血量,NpcParam,34715268,hp,1098,1500
敌人基础血量,NpcParam,34715300,hp,1098,1500
敌人基础血量,NpcParam,34715352,hp,1098,1500
敌人基础血量,NpcParam,35500000,hp,1164,2500
敌人基础血量,NpcParam,35500930,hp,1164,11000
敌人基础血量,NpcParam,35500931,hp,1164,9000
敌人基础血量,NpcParam,35600001,hp,4066,9000
敌人基础血量,NpcParam,35600002,hp,4066,15000
敌人基础血量,NpcParam,35600030,hp,4066,9000
敌人基础血量,NpcParam,35600042,hp,4066,9000
敌人基础血量,NpcParam,35600172,hp,2032,15000
敌人基础血量,NpcParam,35600950,hp,4066,15000
敌人基础血量,NpcParam,35600972,hp,8030,55000
敌人基础血量,NpcParam,35700000,hp,4878,5000
敌人基础血量,NpcParam,35700001,hp,4878,9000
敌人基础血量,NpcParam,35700002,hp,4878,15000
敌人基础血量,NpcParam,35700028,hp,4878,5000
敌人基础血量,NpcParam,35700038,hp,4878,15000
敌人基础血量,NpcParam,35700172,hp,2438,25000
敌人基础血量,NpcParam,35700950,hp,4878,15000
敌人基础血量,NpcParam,36000001,hp,1510,9500
敌人基础血量,NpcParam,36001052,hp,1510,2000
敌人基础血量,NpcParam,36001920,hp,1510,5500
敌人基础血量,NpcParam,36001933,hp,1510,9000
敌人基础血量,NpcParam,36200000,hp,942,1500
敌人基础血量,NpcParam,36200002,hp,942,3000
敌人基础血量,NpcParam,36200034,hp,942,1500
敌人基础血量,NpcParam,36200054,hp,942,1500
敌人基础血量,NpcParam,36300000,hp,1536,3500
敌人基础血量,NpcParam,36300001,hp,1536,8500
敌人基础血量,NpcParam,36300054,hp,1536,3500
敌人基础血量,NpcParam,36500000,hp,294,500
敌人基础血量,NpcParam,36500002,hp,294,2500
敌人基础血量,NpcParam,36500012,hp,294,500
敌人基础血量,NpcParam,36500020,hp,294,500
敌人基础血量,NpcParam,36500033,hp,294,500
敌人基础血量,NpcParam,36500034,hp,294,500
敌人基础血量,NpcParam,36501000,hp,294,500
敌人基础血量,NpcParam,36501033,hp,294,500
敌人基础血量,NpcParam,36501034,hp,294,500
敌人基础血量,NpcParam,36501833,hp,294,500
敌人基础血量,NpcParam,36502000,hp,294,500
敌人基础血量,NpcParam,36502040,hp,294,500
敌人基础血量,NpcParam,36502042,hp,294,500
敌人基础血量,NpcParam,36502052,hp,294,500
敌人基础血量,NpcParam,36503000,hp,334,500
敌人基础血量,NpcParam,36616000,hp,752,1000
敌人基础血量,NpcParam,36616040,hp,752,1000
敌人基础血量,NpcParam,36625000,hp,164,1000
敌人基础血量,NpcParam,36625068,hp,164,1000
敌人基础血量,NpcParam,36640000,hp,610,1500
敌人基础血量,NpcParam,36640001,hp,610,6000
敌人基础血量,NpcParam,36640002,hp,610,4000
敌人基础血量,NpcParam,36640012,hp,610,2500
敌人基础血量,NpcParam,36640032,hp,610,900
敌人基础血量,NpcParam,36640035,hp,610,900
敌人基础血量,NpcParam,36640040,hp,610,6500
敌人基础血量,NpcParam,36640920,hp,610,5500
敌人基础血量,NpcParam,36700000,hp,324,2500
敌人基础血量,NpcParam,37000000,hp,858,3500
敌人基础血量,NpcParam,37000010,hp,858,3500
敌人基础血量,NpcParam,37000020,hp,858,3500
敌人基础血量,NpcParam,37000030,hp,858,3500
敌人基础血量,NpcParam,37000031,hp,858,3500
敌人基础血量,NpcParam,37000033,hp,858,3500
敌人基础血量,NpcParam,37001000,hp,858,3500
敌人基础血量,NpcParam,37001030,hp,858,3500
敌人基础血量,NpcParam,37001031,hp,858,5500
敌人基础血量,NpcParam,37010000,hp,368,3500
敌人基础血量,NpcParam,37010002,hp,368,3000
敌人基础血量,NpcParam,37010030,hp,368,3500
敌人基础血量,NpcParam,37010033,hp,368,3500
敌人基础血量,NpcParam,37010034,hp,368,3500
敌人基础血量,NpcParam,37010830,hp,368,3500
敌人基础血量,NpcParam,37011000,hp,368,3500
敌人基础血量,NpcParam,37011030,hp,368,3500
敌人基础血量,NpcParam,37011034,hp,368,3500
敌人基础血量,NpcParam,37011930,hp,368,10000
敌人基础血量,NpcParam,37020000,hp,366,400
敌人基础血量,NpcParam,37020020,hp,366,400
敌人基础血量,NpcParam,37020021,hp,366,400
敌人基础血量,NpcParam,37020024,hp,366,2000
敌人基础血量,NpcParam,37020032,hp,366,400
敌人基础血量,NpcParam,37020040,hp,366,400
敌人基础血量,NpcParam,37021000,hp,366,400
敌人基础血量,NpcParam,37021020,hp,366,400
敌人基础血量,NpcParam,37021024,hp,366,2000
敌人基础血量,NpcParam,37021032,hp,366,400
敌人基础血量,NpcParam,37021040,hp,366,400
敌人基础血量,NpcParam,37021140,hp,366,400
敌人基础血量,NpcParam,37040000,hp,1260,2400
敌人基础血量,NpcParam,37040001,hp,1260,8000
敌人基础血量,NpcParam,37040020,hp,1260,2400
敌人基础血量,NpcParam,37040040,hp,1260,2400
敌人基础血量,NpcParam,37040054,hp,1260,2400
敌人基础血量,NpcParam,37040800,hp,1260,2400
敌人基础血量,NpcParam,37040830,hp,1260,3000
敌人基础血量,NpcParam,37040940,hp,1260,10000
敌人基础血量,NpcParam,37300000,hp,1186,1500
敌人基础血量,NpcParam,37300020,hp,1186,1500
敌人基础血量,NpcParam,37300040,hp,1186,1500
敌人基础血量,NpcParam,37300042,hp,1186,1500
敌人基础血量,NpcParam,37300052,hp,1186,1500
敌人基础血量,NpcParam,37300100,hp,1186,1500
敌人基础血量,NpcParam,37300112,hp,1186,1500
敌人基础血量,NpcParam,37300120,hp,1186,1500
敌人基础血量,NpcParam,37300152,hp,1186,3000
敌人基础血量,NpcParam,37500000,hp,524,800
敌人基础血量,NpcParam,37500002,hp,524,3000
敌人基础血量,NpcParam,37500060,hp,524,800
敌人基础血量,NpcParam,37500062,hp,524,800
敌人基础血量,NpcParam,37500064,hp,524,800
敌人基础血量,NpcParam,37500065,hp,524,800
敌人基础血量,NpcParam,37501000,hp,524,800
敌人基础血量,NpcParam,37501060,hp,524,800
敌人基础血量,NpcParam,37501062,hp,524,800
敌人基础血量,NpcParam,37502000,hp,524,800
敌人基础血量,NpcParam,37502060,hp,524,2000
敌人基础血量,NpcParam,37502062,hp,524,800
敌人基础血量,NpcParam,37502064,hp,524,800
敌人基础血量,NpcParam,37502065,hp,524,800
敌人基础血量,NpcParam,38000001,hp,874,8000
敌人基础血量,NpcParam,38000002,hp,874,6500
敌人基础血量,NpcParam,38000920,hp,874,10000
敌人基础血量,NpcParam,38000940,hp,874,10000
敌人基础血量,NpcParam,38001052,hp,874,1500
敌人基础血量,NpcParam,38001056,hp,874,1500
敌人基础血量,NpcParam,38001100,hp,874,1500
敌人基础血量,NpcParam,38001940,hp,874,10000
敌人基础血量,NpcParam,38100000,hp,626,900
敌人基础血量,NpcParam,38100001,hp,626,8000
敌人基础血量,NpcParam,38100056,hp,626,900
敌人基础血量,NpcParam,38100062,hp,626,900
敌人基础血量,NpcParam,38100932,hp,626,10000
敌人基础血量,NpcParam,38101000,hp,626,900
敌人基础血量,NpcParam,38101056,hp,626,900
敌人基础血量,NpcParam,38102000,hp,626,900
敌人基础血量,NpcParam,38102056,hp,626,900
敌人基础血量,NpcParam,38102932,hp,626,10000
敌人基础血量,NpcParam,38103000,hp,626,900
敌人基础血量,NpcParam,38103040,hp,626,900
敌人基础血量,NpcParam,38103056,hp,626,1500
敌人基础血量,NpcParam,38500000,hp,358,500
敌人基础血量,NpcParam,38500002,hp,358,2000
敌人基础血量,NpcParam,38500012,hp,358,500
敌人基础血量,NpcParam,38500020,hp,358,500
敌人基础血量,NpcParam,38500024,hp,358,500
敌人基础血量,NpcParam,38500040,hp,358,500
敌人基础血量,NpcParam,38500050,hp,358,500
敌人基础血量,NpcParam,38501000,hp,358,500
敌人基础血量,NpcParam,38501012,hp,358,500
敌人基础血量,NpcParam,38501020,hp,358,500
敌人基础血量,NpcParam,38501024,hp,358,500
敌人基础血量,NpcParam,38501040,hp,358,500
敌人基础血量,NpcParam,38501050,hp,358,500
敌人基础血量,NpcParam,38501100,hp,358,500
敌人基础血量,NpcParam,38501140,hp,358,500
敌人基础血量,NpcParam,38501200,hp,358,500
敌人基础血量,NpcParam,38501240,hp,358,500
敌人基础血量,NpcParam,38502000,hp,358,500
敌人基础血量,NpcParam,38502012,hp,358,500
敌人基础血量,NpcParam,38502020,hp,358,1500
敌人基础血量,NpcParam,38502024,hp,358,1500
敌人基础血量,NpcParam,38502040,hp,358,1500
敌人基础血量,NpcParam,38502050,hp,358,1500
敌人基础血量,NpcParam,38600000,hp,346,1500
敌人基础血量,NpcParam,38600020,hp,346,500
敌人基础血量,NpcParam,38600030,hp,346,500
敌人基础血量,NpcParam,38600032,hp,346,500
敌人基础血量,NpcParam,38600040,hp,346,500
敌人基础血量,NpcParam,38600050,hp,346,500
敌人基础血量,NpcParam,38600100,hp,346,500
敌人基础血量,NpcParam,38600132,hp,346,500
敌人基础血量,NpcParam,38600140,hp,346,500
敌人基础血量,NpcParam,38600150,hp,346,500
敌人基础血量,NpcParam,38600200,hp,346,500
敌人基础血量,NpcParam,38600500,hp,346,500
敌人基础血量,NpcParam,38600532,hp,346,500
敌人基础血量,NpcParam,38600540,hp,346,500
敌人基础血量,NpcParam,38600550,hp,346,500
敌人基础血量,NpcParam,38600600,hp,346,500
敌人基础血量,NpcParam,38600632,hp,346,500
敌人基础血量,NpcParam,38601000,hp,346,500
敌人基础血量,NpcParam,38601024,hp,346,500
敌人基础血量,NpcParam,38601032,hp,346,500
敌人基础血量,NpcParam,38601040,hp,346,500
敌人基础血量,NpcParam,38601050,hp,346,500
敌人基础血量,NpcParam,38601100,hp,346,500
敌人基础血量,NpcParam,38601132,hp,346,500
敌人基础血量,NpcParam,38601140,hp,346,500
敌人基础血量,NpcParam,38601200,hp,346,500
敌人基础血量,NpcParam,38601500,hp,346,1500
敌人基础血量,NpcParam,38601532,hp,346,1500
敌人基础血量,NpcParam,38601540,hp,346,1500
敌人基础血量,NpcParam,38601550,hp,346,1500
敌人基础血量,NpcParam,39001050,hp,1188,3000
敌人基础血量,NpcParam,39010000,hp,1188,1500
敌人基础血量,NpcParam,39010001,hp,1188,8000
敌人基础血量,NpcParam,39010038,hp,1188,3000
敌人基础血量,NpcParam,39011000,hp,1188,3000
敌人基础血量,NpcParam,39011042,hp,1188,8000
敌人基础血量,NpcParam,39100001,hp,1746,8500
敌人基础血量,NpcParam,39100002,hp,1746,12000
敌人基础血量,NpcParam,39101100,hp,2328,4000
敌人基础血量,NpcParam,39101150,hp,2328,4000
敌人基础血量,NpcParam,39500000,hp,818,2500
敌人基础血量,NpcParam,39500038,hp,818,900
敌人基础血量,NpcParam,39500100,hp,818,900
敌人基础血量,NpcParam,39501000,hp,818,900
敌人基础血量,NpcParam,39501100,hp,818,900
敌人基础血量,NpcParam,39501138,hp,818,900
敌人基础血量,NpcParam,39501200,hp,818,900
敌人基础血量,NpcParam,39502000,hp,818,900
敌人基础血量,NpcParam,39502038,hp,818,900
敌人基础血量,NpcParam,39502100,hp,818,900
敌人基础血量,NpcParam,39503000,hp,818,6000
敌人基础血量,NpcParam,39503038,hp,818,900
敌人基础血量,NpcParam,39503100,hp,818,900
敌人基础血量,NpcParam,39503200,hp,818,900
敌人基础血量,NpcParam,39504000,hp,578,900
敌人基础血量,NpcParam,39504038,hp,578,900
敌人基础血量,NpcParam,39509000,hp,578,1500
敌人基础血量,NpcParam,39700072,hp,500,3500
敌人基础血量,NpcParam,39700172,hp,500,3500
敌人基础血量,NpcParam,39700272,hp,500,3500
敌人基础血量,NpcParam,39700372,hp,500,3500
敌人基础血量,NpcParam,39700472,hp,500,3500
敌人基础血量,NpcParam,39701072,hp,1242,3500
敌人基础血量,NpcParam,39701172,hp,1242,3500
敌人基础血量,NpcParam,39701272,hp,500,5500
敌人基础血量,NpcParam,39701942,hp,1242,5000
敌人基础血量,NpcParam,39702072,hp,500,3500
敌人基础血量,NpcParam,39702172,hp,500,3500
敌人基础血量,NpcParam,39702272,hp,500,3500
敌人基础血量,NpcParam,39702372,hp,500,3500
敌人基础血量,NpcParam,39702942,hp,500,6500
敌人基础血量,NpcParam,39702944,hp,500,6500
敌人基础血量,NpcParam,39703072,hp,500,3500
敌人基础血量,NpcParam,39703100,hp,500,800
敌人基础血量,NpcParam,39703172,hp,500,3500
敌人基础血量,NpcParam,39709000,hp,422,800
敌人基础血量,NpcParam,40000000,hp,306,400
敌人基础血量,NpcParam,40000002,hp,306,6000
敌人基础血量,NpcParam,40000020,hp,306,400
敌人基础血量,NpcParam,40000022,hp,306,400
敌人基础血量,NpcParam,40000030,hp,306,400
敌人基础血量,NpcParam,40000031,hp,306,400
敌人基础血量,NpcParam,40000035,hp,306,400
敌人基础血量,NpcParam,40000040,hp,306,400
敌人基础血量,NpcParam,40000054,hp,306,400
敌人基础血量,NpcParam,40000100,hp,230,300
敌人基础血量,NpcParam,40000120,hp,230,300
敌人基础血量,NpcParam,40000140,hp,230,300
敌人基础血量,NpcParam,40000154,hp,230,300
敌人基础血量,NpcParam,40001031,hp,500,3500
敌人基础血量,NpcParam,40001054,hp,500,1500
敌人基础血量,NpcParam,40001130,hp,500,1500
敌人基础血量,NpcParam,40200000,hp,1358,4500
敌人基础血量,NpcParam,40200001,hp,1358,9000
敌人基础血量,NpcParam,40200003,hp,1358,4500
敌人基础血量,NpcParam,40200020,hp,1358,4500
敌人基础血量,NpcParam,40200022,hp,1358,4500
敌人基础血量,NpcParam,40200030,hp,1358,4500
敌人基础血量,NpcParam,40200031,hp,1358,4500
敌人基础血量,NpcParam,40200035,hp,1358,4500
敌人基础血量,NpcParam,40200040,hp,1358,4500
敌人基础血量,NpcParam,40200056,hp,1358,4500
敌人基础血量,NpcParam,40200100,hp,1358,4500
敌人基础血量,NpcParam,40200130,hp,1358,4500
敌人基础血量,NpcParam,40200920,hp,1358,10000
敌人基础血量,NpcParam,40208000,hp,1358,4500
敌人基础血量,NpcParam,40208020,hp,1358,4500
敌人基础血量,NpcParam,40208022,hp,1358,4500
敌人基础血量,NpcParam,40208030,hp,1358,4500
敌人基础血量,NpcParam,40208031,hp,1358,4500
敌人基础血量,NpcParam,40208035,hp,1358,4500
敌人基础血量,NpcParam,40208040,hp,1358,4500
敌人基础血量,NpcParam,40208056,hp,1358,4500
敌人基础血量,NpcParam,40208100,hp,1358,4500
敌人基础血量,NpcParam,40208122,hp,1358,4500
敌人基础血量,NpcParam,40208130,hp,1358,4500
敌人基础血量,NpcParam,40208131,hp,1358,4500
敌人基础血量,NpcParam,40208156,hp,1358,4500
敌人基础血量,NpcParam,40208200,hp,1358,4500
敌人基础血量,NpcParam,40208230,hp,1358,4500
敌人基础血量,NpcParam,40208256,hp,1358,4500
敌人基础血量,NpcParam,40208300,hp,1358,4500
敌人基础血量,NpcParam,40208356,hp,1358,4500
敌人基础血量,NpcParam,40208400,hp,1358,4500
敌人基础血量,NpcParam,40208456,hp,1358,4500
敌人基础血量,NpcParam,40400000,hp,210,300
敌人基础血量,NpcParam,40400030,hp,210,300
敌人基础血量,NpcParam,40400031,hp,210,300
敌人基础血量,NpcParam,40400033,hp,210,300
敌人基础血量,NpcParam,40400035,hp,210,300
敌人基础血量,NpcParam,40400040,hp,210,300
敌人基础血量,NpcParam,40400051,hp,210,300
敌人基础血量,NpcParam,40401000,hp,210,300
敌人基础血量,NpcParam,40401032,hp,210,300
敌人基础血量,NpcParam,40401038,hp,210,300
敌人基础血量,NpcParam,40402000,hp,210,300
敌人基础血量,NpcParam,40403000,hp,210,300
敌人基础血量,NpcParam,40403010,hp,210,300
敌人基础血量,NpcParam,40403020,hp,210,300
敌人基础血量,NpcParam,40403033,hp,210,900
敌人基础血量,NpcParam,40403050,hp,210,900
敌人基础血量,NpcParam,40403052,hp,210,900
敌人基础血量,NpcParam,40500002,hp,974,2500
敌人基础血量,NpcParam,40500013,hp,974,2000
敌人基础血量,NpcParam,40708024,hp,156,400
敌人基础血量,NpcParam,40709000,hp,156,400
敌人基础血量,NpcParam,40710000,hp,818,1000
敌人基础血量,NpcParam,40710009,hp,818,1000
敌人基础血量,NpcParam,40710010,hp,818,1000
敌人基础血量,NpcParam,40710012,hp,818,1000
敌人基础血量,NpcParam,40710020,hp,818,1000
敌人基础血量,NpcParam,40710022,hp,818,1000
敌人基础血量,NpcParam,40710030,hp,818,1000
敌人基础血量,NpcParam,40710032,hp,818,1000
敌人基础血量,NpcParam,40710033,hp,818,1000
敌人基础血量,NpcParam,40710042,hp,818,1000
敌人基础血量,NpcParam,40710051,hp,818,1000
敌人基础血量,NpcParam,40710065,hp,818,1200
敌人基础血量,NpcParam,40710550,hp,818,1200
敌人基础血量,NpcParam,40900000,hp,1112,1500
敌人基础血量,NpcParam,40900010,hp,1112,1500
敌人基础血量,NpcParam,40900012,hp,1112,1500
敌人基础血量,NpcParam,40900014,hp,1112,1500
敌人基础血量,NpcParam,40900020,hp,1112,1500
敌人基础血量,NpcParam,40900030,hp,1112,1500
敌人基础血量,NpcParam,40900032,hp,1112,1500
敌人基础血量,NpcParam,40900034,hp,1112,1500
敌人基础血量,NpcParam,40900035,hp,1112,1500
敌人基础血量,NpcParam,40900040,hp,1112,1500
敌人基础血量,NpcParam,40900042,hp,1112,1500
敌人基础血量,NpcParam,40900054,hp,1112,1500
敌人基础血量,NpcParam,40900064,hp,1112,1500
敌人基础血量,NpcParam,40900210,hp,1112,1500
敌人基础血量,NpcParam,40900300,hp,1112,1500
敌人基础血量,NpcParam,40900312,hp,1112,2500
敌人基础血量,NpcParam,40900320,hp,1112,2500
敌人基础血量,NpcParam,40900352,hp,1112,2500
敌人基础血量,NpcParam,41200000,hp,1068,2500
敌人基础血量,NpcParam,41200002,hp,1068,9000
敌人基础血量,NpcParam,41200020,hp,1068,3500
敌人基础血量,NpcParam,41200050,hp,1068,2500
敌人基础血量,NpcParam,41200100,hp,1068,2500
敌人基础血量,NpcParam,41200910,hp,1068,2500
敌人基础血量,NpcParam,41300000,hp,1822,15000
敌人基础血量,NpcParam,41300001,hp,1822,14000
敌人基础血量,NpcParam,41300002,hp,1822,18000
敌人基础血量,NpcParam,41300012,hp,1822,15000
敌人基础血量,NpcParam,41300032,hp,1822,15000
敌人基础血量,NpcParam,41301000,hp,2444,15000
敌人基础血量,NpcParam,41301030,hp,2444,15000
敌人基础血量,NpcParam,41301932,hp,2444,15000
敌人基础血量,NpcParam,41400000,hp,252,400
敌人基础血量,NpcParam,41400035,hp,252,400
敌人基础血量,NpcParam,41400038,hp,252,400
敌人基础血量,NpcParam,41400062,hp,252,400
敌人基础血量,NpcParam,41401000,hp,380,400
敌人基础血量,NpcParam,41401034,hp,380,400
敌人基础血量,NpcParam,41402000,hp,380,400
敌人基础血量,NpcParam,41402020,hp,380,400
敌人基础血量,NpcParam,41402035,hp,380,400
敌人基础血量,NpcParam,41402050,hp,380,400
敌人基础血量,NpcParam,41402054,hp,380,400
敌人基础血量,NpcParam,41402100,hp,380,400
敌人基础血量,NpcParam,41402920,hp,760,5000
敌人基础血量,NpcParam,41402950,hp,380,15000
敌人基础血量,NpcParam,41403000,hp,380,400
敌人基础血量,NpcParam,41403032,hp,380,400
敌人基础血量,NpcParam,41403033,hp,380,400
敌人基础血量,NpcParam,41403050,hp,380,400
敌人基础血量,NpcParam,41403833,hp,380,400
敌人基础血量,NpcParam,41403930,hp,380,400
敌人基础血量,NpcParam,41404000,hp,252,400
敌人基础血量,NpcParam,41404020,hp,252,400
敌人基础血量,NpcParam,41404022,hp,252,400
敌人基础血量,NpcParam,41404030,hp,252,400
敌人基础血量,NpcParam,41404040,hp,252,1200
敌人基础血量,NpcParam,41404052,hp,252,3500
敌人基础血量,NpcParam,41500000,hp,676,1500
敌人基础血量,NpcParam,41500066,hp,676,1200
敌人基础血量,NpcParam,41500100,hp,676,1200
敌人基础血量,NpcParam,41500862,hp,676,1200
敌人基础血量,NpcParam,41601020,hp,676,800
敌人基础血量,NpcParam,41602000,hp,676,800
敌人基础血量,NpcParam,41602050,hp,676,800
敌人基础血量,NpcParam,41610220,hp,324,400
敌人基础血量,NpcParam,41610252,hp,324,400
敌人基础血量,NpcParam,41610300,hp,324,400
敌人基础血量,NpcParam,41610350,hp,324,400
敌人基础血量,NpcParam,41650830,hp,324,400
敌人基础血量,NpcParam,41650935,hp,324,400
敌人基础血量,NpcParam,41660042,hp,676,800
敌人基础血量,NpcParam,42001250,hp,860,2000
敌人基础血量,NpcParam,42010000,hp,984,2500
敌人基础血量,NpcParam,42010002,hp,984,9000
敌人基础血量,NpcParam,42018126,hp,1618,3000
敌人基础血量,NpcParam,42101000,hp,310,500
敌人基础血量,NpcParam,42101014,hp,310,500
敌人基础血量,NpcParam,42101033,hp,310,500
敌人基础血量,NpcParam,42101100,hp,310,500
敌人基础血量,NpcParam,42101114,hp,310,500
敌人基础血量,NpcParam,42101150,hp,310,500
敌人基础血量,NpcParam,42101200,hp,310,500
敌人基础血量,NpcParam,42101214,hp,310,500
敌人基础血量,NpcParam,42101250,hp,310,500
敌人基础血量,NpcParam,42102000,hp,310,500
敌人基础血量,NpcParam,42102010,hp,310,500
敌人基础血量,NpcParam,42102072,hp,310,2500
敌人基础血量,NpcParam,42103000,hp,310,500
敌人基础血量,NpcParam,42103050,hp,310,500
敌人基础血量,NpcParam,42104551,hp,604,1000
敌人基础血量,NpcParam,42105000,hp,310,1000
敌人基础血量,NpcParam,42105051,hp,310,1000
敌人基础血量,NpcParam,42105500,hp,310,1000
敌人基础血量,NpcParam,42200001,hp,4654,8000
敌人基础血量,NpcParam,42200002,hp,4654,14000
敌人基础血量,NpcParam,42400000,hp,1494,2200
敌人基础血量,NpcParam,42400002,hp,1494,9000
敌人基础血量,NpcParam,42400020,hp,1494,1600
敌人基础血量,NpcParam,42400021,hp,1494,1600
敌人基础血量,NpcParam,42400032,hp,1494,1600
敌人基础血量,NpcParam,42400034,hp,1494,1600
敌人基础血量,NpcParam,42400035,hp,1494,1600
敌人基础血量,NpcParam,42400100,hp,1494,1600
敌人基础血量,NpcParam,42400150,hp,1494,1600
敌人基础血量,NpcParam,42400200,hp,1494,1600
敌人基础血量,NpcParam,42400221,hp,1494,1600
敌人基础血量,NpcParam,42405000,hp,1494,1600
敌人基础血量,NpcParam,42405050,hp,1494,1600
敌人基础血量,NpcParam,42405100,hp,1494,1600
敌人基础血量,NpcParam,42405150,hp,1494,1600
敌人基础血量,NpcParam,42405200,hp,1494,1600
敌人基础血量,NpcParam,42405250,hp,1494,1600
敌人基础血量,NpcParam,42405300,hp,1494,1600
敌人基础血量,NpcParam,42405350,hp,1494,1600
敌人基础血量,NpcParam,42405400,hp,1494,1600
敌人基础血量,NpcParam,42405450,hp,1494,1600
敌人基础血量,NpcParam,42405500,hp,1494,1600
敌人基础血量,NpcParam,42405550,hp,1494,1600
敌人基础血量,NpcParam,42405600,hp,1494,1600
敌人基础血量,NpcParam,42405650,hp,1494,1600
敌人基础血量,NpcParam,42405700,hp,1494,1600
敌人基础血量,NpcParam,42405750,hp,1494,1600
敌人基础血量,NpcParam,42405800,hp,1494,1600
敌人基础血量,NpcParam,42405850,hp,1494,1600
敌人基础血量,NpcParam,42406000,hp,1494,1600
敌人基础血量,NpcParam,42406050,hp,1494,1600
敌人基础血量,NpcParam,42406100,hp,1494,1600
敌人基础血量,NpcParam,42406150,hp,1494,1600
敌人基础血量,NpcParam,42406200,hp,1494,1600
敌人基础血量,NpcParam,42406250,hp,1494,1600
敌人基础血量,NpcParam,42406300,hp,1494,1600
敌人基础血量,NpcParam,42406350,hp,1494,1600
敌人基础血量,NpcParam,42406400,hp,1494,1600
敌人基础血量,NpcParam,42406450,hp,1494,1600
敌人基础血量,NpcParam,42407000,hp,1494,1600
敌人基础血量,NpcParam,42407020,hp,1494,1600
敌人基础血量,NpcParam,42407021,hp,1494,1600
敌人基础血量,NpcParam,42407032,hp,1494,1600
敌人基础血量,NpcParam,42407034,hp,1494,1600
敌人基础血量,NpcParam,42407035,hp,1494,1600
敌人基础血量,NpcParam,42407100,hp,1494,1600
敌人基础血量,NpcParam,42407121,hp,1494,1600
敌人基础血量,NpcParam,42407132,hp,1494,1600
敌人基础血量,NpcParam,42407200,hp,1494,1600
敌人基础血量,NpcParam,42407221,hp,1494,1600
敌人基础血量,NpcParam,42407300,hp,1494,1600
敌人基础血量,NpcParam,42407321,hp,1494,1600
敌人基础血量,NpcParam,42407400,hp,1494,1600
敌人基础血量,NpcParam,42407421,hp,1494,1600
敌人基础血量,NpcParam,42407500,hp,1494,1600
敌人基础血量,NpcParam,42407521,hp,1494,1600
敌人基础血量,NpcParam,42407600,hp,1494,2500
敌人基础血量,NpcParam,42407621,hp,1494,1600
敌人基础血量,NpcParam,42407700,hp,1494,1600
敌人基础血量,NpcParam,42407721,hp,1494,1600
敌人基础血量,NpcParam,42407800,hp,1494,1600
敌人基础血量,NpcParam,42407821,hp,1494,1600
敌人基础血量,NpcParam,42408000,hp,1494,1600
敌人基础血量,NpcParam,42408021,hp,1494,1600
敌人基础血量,NpcParam,42408100,hp,1494,1600
敌人基础血量,NpcParam,42408121,hp,1494,1600
敌人基础血量,NpcParam,42408200,hp,1494,1600
敌人基础血量,NpcParam,42408221,hp,1494,1600
敌人基础血量,NpcParam,42408300,hp,1494,1600
敌人基础血量,NpcParam,42408321,hp,1494,1600
敌人基础血量,NpcParam,42408400,hp,1494,1600
敌人基础血量,NpcParam,42408421,hp,1494,1600
敌人基础血量,NpcParam,42408500,hp,1494,3000
敌人基础血量,NpcParam,42408521,hp,1494,3000
敌人基础血量,NpcParam,42408800,hp,1494,3000
敌人基础血量,NpcParam,42408821,hp,1494,3000
敌人基础血量,NpcParam,42410000,hp,2986,7000
敌人基础血量,NpcParam,42410001,hp,2986,19000
敌人基础血量,NpcParam,42410002,hp,2986,18000
敌人基础血量,NpcParam,42410100,hp,2986,7000
敌人基础血量,NpcParam,42410150,hp,2986,7000
敌人基础血量,NpcParam,42500002,hp,210,2500
敌人基础血量,NpcParam,42500035,hp,210,600
敌人基础血量,NpcParam,42500100,hp,210,600
敌人基础血量,NpcParam,42500150,hp,210,600
敌人基础血量,NpcParam,42600000,hp,2104,2500
敌人基础血量,NpcParam,42600002,hp,2104,9000
敌人基础血量,NpcParam,42600512,hp,2104,5000
敌人基础血量,NpcParam,42601001,hp,2104,8000
敌人基础血量,NpcParam,42601002,hp,2104,9000
敌人基础血量,NpcParam,42601920,hp,2104,7500
敌人基础血量,NpcParam,42602002,hp,2104,9000
敌人基础血量,NpcParam,42602932,hp,2104,9000
敌人基础血量,NpcParam,42604150,hp,2104,3500
敌人基础血量,NpcParam,42605100,hp,2104,3200
敌人基础血量,NpcParam,42605150,hp,2104,3200
敌人基础血量,NpcParam,42605152,hp,2104,3200
敌人基础血量,NpcParam,42605500,hp,2104,3200
敌人基础血量,NpcParam,42605600,hp,2104,3200
敌人基础血量,NpcParam,42700000,hp,2560,3500
敌人基础血量,NpcParam,42700001,hp,2560,8000
敌人基础血量,NpcParam,42700002,hp,2560,14000
敌人基础血量,NpcParam,42700014,hp,2560,3500
敌人基础血量,NpcParam,42700041,hp,2560,4500
敌人基础血量,NpcParam,42701000,hp,2560,4500
敌人基础血量,NpcParam,42701051,hp,2560,4500
敌人基础血量,NpcParam,42800000,hp,392,2000
敌人基础血量,NpcParam,42800001,hp,392,8000
敌人基础血量,NpcParam,42800002,hp,392,8500
敌人基础血量,NpcParam,42800054,hp,392,1000
敌人基础血量,NpcParam,42800056,hp,392,1000
敌人基础血量,NpcParam,42800060,hp,392,1000
敌人基础血量,NpcParam,42800062,hp,392,1000
敌人基础血量,NpcParam,42800066,hp,392,1000
敌人基础血量,NpcParam,42800100,hp,392,1000
敌人基础血量,NpcParam,42800160,hp,392,1000
敌人基础血量,NpcParam,42800166,hp,392,1000
敌人基础血量,NpcParam,42800200,hp,392,1000
敌人基础血量,NpcParam,42800260,hp,392,1000
敌人基础血量,NpcParam,42800300,hp,392,1000
敌人基础血量,NpcParam,42800354,hp,392,1000
敌人基础血量,NpcParam,42800360,hp,392,1000
敌人基础血量,NpcParam,42800362,hp,392,1000
敌人基础血量,NpcParam,42800366,hp,392,1000
敌人基础血量,NpcParam,42800400,hp,392,1000
敌人基础血量,NpcParam,42800462,hp,392,1000
敌人基础血量,NpcParam,42800466,hp,392,1000
敌人基础血量,NpcParam,42800500,hp,392,1000
敌人基础血量,NpcParam,42800562,hp,392,1000
敌人基础血量,NpcParam,42800566,hp,392,1000
敌人基础血量,NpcParam,42800862,hp,392,1300
敌人基础血量,NpcParam,42801100,hp,564,1300
敌人基础血量,NpcParam,42801162,hp,564,3000
敌人基础血量,NpcParam,42810000,hp,654,1000
敌人基础血量,NpcParam,42810060,hp,654,1000
敌人基础血量,NpcParam,42810062,hp,654,1000
敌人基础血量,NpcParam,42810066,hp,654,1000
敌人基础血量,NpcParam,42900000,hp,876,2000
敌人基础血量,NpcParam,42900001,hp,876,9000
敌人基础血量,NpcParam,42900002,hp,876,8500
敌人基础血量,NpcParam,42900010,hp,876,2000
敌人基础血量,NpcParam,42900020,hp,876,2000
敌人基础血量,NpcParam,42900032,hp,876,2000
敌人基础血量,NpcParam,42900038,hp,876,2000
敌人基础血量,NpcParam,42900040,hp,876,2000
敌人基础血量,NpcParam,42900100,hp,876,2000
敌人基础血量,NpcParam,42900132,hp,876,2000
敌人基础血量,NpcParam,42900138,hp,876,2000
敌人基础血量,NpcParam,42900920,hp,876,7500
敌人基础血量,NpcParam,42901000,hp,876,3000
敌人基础血量,NpcParam,42909000,hp,876,3000
敌人基础血量,NpcParam,42909024,hp,876,3000
敌人基础血量,NpcParam,43113906,hp,384,600
敌人基础血量,NpcParam,43210000,hp,306,500
敌人基础血量,NpcParam,43210012,hp,306,500
敌人基础血量,NpcParam,43210020,hp,306,500
敌人基础血量,NpcParam,43210026,hp,306,500
敌人基础血量,NpcParam,43210030,hp,306,500
敌人基础血量,NpcParam,43210033,hp,306,500
敌人基础血量,NpcParam,43210040,hp,306,500
敌人基础血量,NpcParam,43210100,hp,306,500
敌人基础血量,NpcParam,43210142,hp,306,500
敌人基础血量,NpcParam,43210150,hp,306,500
敌人基础血量,NpcParam,43210152,hp,306,500
敌人基础血量,NpcParam,43211000,hp,306,500
敌人基础血量,NpcParam,43211012,hp,306,500
敌人基础血量,NpcParam,43211020,hp,306,500
敌人基础血量,NpcParam,43211026,hp,306,500
敌人基础血量,NpcParam,43211030,hp,306,500
敌人基础血量,NpcParam,43211040,hp,306,500
敌人基础血量,NpcParam,43211100,hp,306,500
敌人基础血量,NpcParam,43211142,hp,306,500
敌人基础血量,NpcParam,43211150,hp,306,500
敌人基础血量,NpcParam,43211152,hp,306,500
敌人基础血量,NpcParam,43212000,hp,306,500
敌人基础血量,NpcParam,43212012,hp,306,500
敌人基础血量,NpcParam,43212020,hp,306,500
敌人基础血量,NpcParam,43212026,hp,306,500
敌人基础血量,NpcParam,43212030,hp,306,500
敌人基础血量,NpcParam,43212033,hp,306,500
敌人基础血量,NpcParam,43212040,hp,306,500
敌人基础血量,NpcParam,43212100,hp,306,500
敌人基础血量,NpcParam,43212142,hp,306,500
敌人基础血量,NpcParam,43212150,hp,306,500
敌人基础血量,NpcParam,43212152,hp,306,500
敌人基础血量,NpcParam,43400001,hp,1164,8000
敌人基础血量,NpcParam,43401100,hp,1164,2000
敌人基础血量,NpcParam,43401110,hp,1164,2000
敌人基础血量,NpcParam,43401130,hp,1164,2000
敌人基础血量,NpcParam,43401940,hp,1164,4000
敌人基础血量,NpcParam,43410000,hp,1164,4000
敌人基础血量,NpcParam,43411000,hp,1164,4000
敌人基础血量,NpcParam,43511110,hp,1152,1200
敌人基础血量,NpcParam,43511112,hp,1152,1200
敌人基础血量,NpcParam,43512000,hp,1152,1200
敌人基础血量,NpcParam,43521120,hp,1152,1200
敌人基础血量,NpcParam,43522000,hp,1152,1200
敌人基础血量,NpcParam,43530000,hp,1152,2500
敌人基础血量,NpcParam,43530020,hp,1152,2500
敌人基础血量,NpcParam,43530030,hp,1152,2500
敌人基础血量,NpcParam,43530032,hp,1152,2500
敌人基础血量,NpcParam,43530034,hp,1152,2500
敌人基础血量,NpcParam,43530035,hp,1152,2500
敌人基础血量,NpcParam,43530036,hp,1152,2500
敌人基础血量,NpcParam,43530100,hp,1152,2500
敌人基础血量,NpcParam,43530132,hp,1152,2500
敌人基础血量,NpcParam,43530200,hp,1152,2500
敌人基础血量,NpcParam,43530235,hp,1152,2500
敌人基础血量,NpcParam,43530500,hp,1152,2500
敌人基础血量,NpcParam,43530534,hp,1152,2500
敌人基础血量,NpcParam,43531000,hp,1152,2500
敌人基础血量,NpcParam,43531030,hp,1152,2500
敌人基础血量,NpcParam,43531032,hp,1152,2500
敌人基础血量,NpcParam,43531034,hp,1152,2500
敌人基础血量,NpcParam,43531036,hp,1152,2500
敌人基础血量,NpcParam,43531100,hp,1152,2500
敌人基础血量,NpcParam,43531130,hp,1152,2500
敌人基础血量,NpcParam,43531132,hp,1152,2500
敌人基础血量,NpcParam,43531136,hp,1152,2500
敌人基础血量,NpcParam,43531150,hp,1152,25002500
敌人基础血量,NpcParam,43531200,hp,1152,2500
敌人基础血量,NpcParam,43531232,hp,1152,2500
敌人基础血量,NpcParam,43531234,hp,1152,2500
敌人基础血量,NpcParam,43531300,hp,1152,2500
敌人基础血量,NpcParam,43531500,hp,1152,2500
敌人基础血量,NpcParam,43531534,hp,1152,2500
敌人基础血量,NpcParam,43532000,hp,1152,2500
敌人基础血量,NpcParam,43532030,hp,1152,2500
敌人基础血量,NpcParam,43532034,hp,1152,2500
敌人基础血量,NpcParam,43532050,hp,1152,4500
敌人基础血量,NpcParam,43532100,hp,1152,2500
敌人基础血量,NpcParam,43540000,hp,1152,1200
敌人基础血量,NpcParam,43540040,hp,1152,1200
敌人基础血量,NpcParam,43540041,hp,1152,1200
敌人基础血量,NpcParam,43540042,hp,1152,1200
敌人基础血量,NpcParam,43540200,hp,1152,1200
敌人基础血量,NpcParam,43540242,hp,1152,1200
敌人基础血量,NpcParam,43540342,hp,1152,1200
敌人基础血量,NpcParam,43541000,hp,1152,1200
敌人基础血量,NpcParam,43541040,hp,1152,1200
敌人基础血量,NpcParam,43541041,hp,1152,1200
敌人基础血量,NpcParam,43541042,hp,1152,1200
敌人基础血量,NpcParam,43541100,hp,1152,1200
敌人基础血量,NpcParam,43541140,hp,1152,1200
敌人基础血量,NpcParam,43541200,hp,1152,1200
敌人基础血量,NpcParam,43541242,hp,1152,1200
敌人基础血量,NpcParam,43542000,hp,1152,1200
敌人基础血量,NpcParam,43542040,hp,1152,1200
敌人基础血量,NpcParam,43542042,hp,1152,1200
敌人基础血量,NpcParam,43542200,hp,1152,1200
敌人基础血量,NpcParam,43542242,hp,1152,1200
敌人基础血量,NpcParam,43550000,hp,1152,2500
敌人基础血量,NpcParam,43550020,hp,1152,2500
敌人基础血量,NpcParam,43550052,hp,1152,2500
敌人基础血量,NpcParam,43550066,hp,1152,2500
敌人基础血量,NpcParam,43551000,hp,1152,2500
敌人基础血量,NpcParam,43551052,hp,1152,2500
敌人基础血量,NpcParam,43551066,hp,1152,2500
敌人基础血量,NpcParam,43551100,hp,1152,2500
敌人基础血量,NpcParam,43551152,hp,1152,2500
敌人基础血量,NpcParam,43551166,hp,1152,2500
敌人基础血量,NpcParam,43552000,hp,1152,2500
敌人基础血量,NpcParam,43552052,hp,1152,2500
敌人基础血量,NpcParam,43552066,hp,1152,2500
敌人基础血量,NpcParam,43560000,hp,1152,2500
敌人基础血量,NpcParam,43560034,hp,1152,2500
敌人基础血量,NpcParam,43560056,hp,1152,2500
敌人基础血量,NpcParam,43560556,hp,1152,2500
敌人基础血量,NpcParam,43561000,hp,1152,2500
敌人基础血量,NpcParam,43561056,hp,1152,2500
敌人基础血量,NpcParam,43561556,hp,1152,2500
敌人基础血量,NpcParam,43562000,hp,1152,2500
敌人基础血量,NpcParam,43562056,hp,1152,2500
敌人基础血量,NpcParam,43562556,hp,1152,2500
敌人基础血量,NpcParam,43610100,hp,896,1200
敌人基础血量,NpcParam,43620100,hp,896,1200
敌人基础血量,NpcParam,43630100,hp,896,1200
敌人基础血量,NpcParam,43650066,hp,896,1200
敌人基础血量,NpcParam,43800100,hp,324,900
敌人基础血量,NpcParam,43800130,hp,324,900
敌人基础血量,NpcParam,43810002,hp,324,3000
敌人基础血量,NpcParam,43811020,hp,324,900
敌人基础血量,NpcParam,43811100,hp,324,900
敌人基础血量,NpcParam,43811150,hp,324,900
敌人基础血量,NpcParam,43829030,hp,186,400
敌人基础血量,NpcParam,43829100,hp,186,400
敌人基础血量,NpcParam,43829140,hp,186,400
敌人基础血量,NpcParam,43830000,hp,140,250
敌人基础血量,NpcParam,43830010,hp,140,250
敌人基础血量,NpcParam,43830020,hp,140,250
敌人基础血量,NpcParam,43830030,hp,140,250
敌人基础血量,NpcParam,43830040,hp,140,250
敌人基础血量,NpcParam,43831000,hp,140,250
敌人基础血量,NpcParam,43831020,hp,140,250
敌人基础血量,NpcParam,43831030,hp,140,250
敌人基础血量,NpcParam,43831040,hp,140,250
敌人基础血量,NpcParam,43840000,hp,360,400
敌人基础血量,NpcParam,43840020,hp,360,400
敌人基础血量,NpcParam,43840040,hp,360,400
敌人基础血量,NpcParam,43850000,hp,324,800
敌人基础血量,NpcParam,43850001,hp,324,6000
敌人基础血量,NpcParam,43850002,hp,324,2500
敌人基础血量,NpcParam,43858140,hp,324,400
敌人基础血量,NpcParam,43858200,hp,324,400
敌人基础血量,NpcParam,43858240,hp,324,400
敌人基础血量,NpcParam,44200000,hp,1752,6000
敌人基础血量,NpcParam,44200001,hp,1752,9000
敌人基础血量,NpcParam,44200002,hp,1752,14000
敌人基础血量,NpcParam,44200020,hp,1752,6000
敌人基础血量,NpcParam,44200035,hp,1752,6000
敌人基础血量,NpcParam,44200120,hp,1752,6000
敌人基础血量,NpcParam,44201000,hp,1752,6000
敌人基础血量,NpcParam,44201020,hp,1752,6000
敌人基础血量,NpcParam,44202000,hp,1752,6000
敌人基础血量,NpcParam,44202020,hp,1752,6000
敌人基础血量,NpcParam,44203000,hp,1752,6000
敌人基础血量,NpcParam,44203050,hp,1752,6000
敌人基础血量,NpcParam,44204000,hp,1752,6000
敌人基础血量,NpcParam,44204050,hp,1752,6000
敌人基础血量,NpcParam,44205000,hp,1752,8000
敌人基础血量,NpcParam,44205050,hp,1752,8000
敌人基础血量,NpcParam,44300000,hp,348,1500
敌人基础血量,NpcParam,44300010,hp,348,1500
敌人基础血量,NpcParam,44300012,hp,348,1500
敌人基础血量,NpcParam,44300020,hp,348,1500
敌人基础血量,NpcParam,44300022,hp,348,1500
敌人基础血量,NpcParam,44300030,hp,348,1500
敌人基础血量,NpcParam,44300040,hp,348,1500
敌人基础血量,NpcParam,44300050,hp,348,1500
敌人基础血量,NpcParam,44300100,hp,348,1500
敌人基础血量,NpcParam,44300110,hp,348,1500
敌人基础血量,NpcParam,44300150,hp,348,1500
敌人基础血量,NpcParam,44300200,hp,348,1500
敌人基础血量,NpcParam,44300250,hp,348,1500
敌人基础血量,NpcParam,44300300,hp,348,1500
敌人基础血量,NpcParam,44300310,hp,348,1500
敌人基础血量,NpcParam,44300340,hp,348,1500
敌人基础血量,NpcParam,44300350,hp,348,1500
敌人基础血量,NpcParam,44301000,hp,348,1500
敌人基础血量,NpcParam,44301010,hp,348,1500
敌人基础血量,NpcParam,44301033,hp,348,1500
敌人基础血量,NpcParam,44301040,hp,348,1500
敌人基础血量,NpcParam,44410000,hp,2858,5000
敌人基础血量,NpcParam,44410020,hp,2858,5000
敌人基础血量,NpcParam,44410050,hp,2858,5000
敌人基础血量,NpcParam,44420000,hp,2858,5000
敌人基础血量,NpcParam,44420040,hp,2858,5000
敌人基础血量,NpcParam,44600000,hp,876,1500
敌人基础血量,NpcParam,44600020,hp,876,1500
敌人基础血量,NpcParam,44600032,hp,876,1500
敌人基础血量,NpcParam,44600036,hp,876,1500
敌人基础血量,NpcParam,44600040,hp,876,1500
敌人基础血量,NpcParam,44600840,hp,876,1500
敌人基础血量,NpcParam,44601000,hp,876,1500
敌人基础血量,NpcParam,44601032,hp,876,1500
敌人基础血量,NpcParam,44601040,hp,876,1500
敌人基础血量,NpcParam,44601840,hp,876,1500
敌人基础血量,NpcParam,44607000,hp,876,1500
敌人基础血量,NpcParam,44607020,hp,876,1500
敌人基础血量,NpcParam,44607032,hp,876,1500
敌人基础血量,NpcParam,44607040,hp,876,1500
敌人基础血量,NpcParam,44607100,hp,876,1500
敌人基础血量,NpcParam,44607120,hp,876,1500
敌人基础血量,NpcParam,44607132,hp,876,1500
敌人基础血量,NpcParam,44607200,hp,876,1500
敌人基础血量,NpcParam,44607220,hp,876,1500
敌人基础血量,NpcParam,44607800,hp,876,1500
敌人基础血量,NpcParam,44607840,hp,876,1500
敌人基础血量,NpcParam,44608000,hp,876,1500
敌人基础血量,NpcParam,44608032,hp,876,1500
敌人基础血量,NpcParam,44608040,hp,876,1500
敌人基础血量,NpcParam,44608600,hp,876,1500
敌人基础血量,NpcParam,44608640,hp,876,1500
敌人基础血量,NpcParam,44608700,hp,876,1500
敌人基础血量,NpcParam,44608740,hp,876,2500
敌人基础血量,NpcParam,44608800,hp,876,2500
敌人基础血量,NpcParam,44608840,hp,876,2500
敌人基础血量,NpcParam,44700001,hp,2836,8000
敌人基础血量,NpcParam,44700002,hp,2836,9000
敌人基础血量,NpcParam,44700938,hp,2836,10000
敌人基础血量,NpcParam,44701938,hp,2836,10000
敌人基础血量,NpcParam,44702000,hp,2836,3500
敌人基础血量,NpcParam,44702041,hp,2836,3500
敌人基础血量,NpcParam,44800220,hp,3878,9000
敌人基础血量,NpcParam,44800912,hp,3878,9000
敌人基础血量,NpcParam,44800930,hp,3878,10000
敌人基础血量,NpcParam,44900000,hp,898,1500
敌人基础血量,NpcParam,44900011,hp,898,1500
敌人基础血量,NpcParam,44900014,hp,898,1500
敌人基础血量,NpcParam,44900020,hp,898,1500
敌人基础血量,NpcParam,44900021,hp,898,1500
敌人基础血量,NpcParam,44900024,hp,898,1500
敌人基础血量,NpcParam,44900032,hp,898,1500
敌人基础血量,NpcParam,44900033,hp,898,1500
敌人基础血量,NpcParam,44900034,hp,898,1500
敌人基础血量,NpcParam,44900035,hp,898,1500
敌人基础血量,NpcParam,44900038,hp,898,1500
敌人基础血量,NpcParam,44900050,hp,898,1500
敌人基础血量,NpcParam,44900100,hp,898,1500
敌人基础血量,NpcParam,44900124,hp,898,1500
敌人基础血量,NpcParam,44900200,hp,898,1500
敌人基础血量,NpcParam,44907000,hp,898,1500
敌人基础血量,NpcParam,44907014,hp,898,1500
敌人基础血量,NpcParam,44907021,hp,898,1500
敌人基础血量,NpcParam,44907033,hp,898,1500
敌人基础血量,NpcParam,44907035,hp,898,1500
敌人基础血量,NpcParam,44907038,hp,898,1500
敌人基础血量,NpcParam,44907050,hp,898,1500
敌人基础血量,NpcParam,44907100,hp,898,1500
敌人基础血量,NpcParam,44907121,hp,898,1500
敌人基础血量,NpcParam,44907133,hp,898,1500
敌人基础血量,NpcParam,44907150,hp,898,1500
敌人基础血量,NpcParam,44907200,hp,898,1500
敌人基础血量,NpcParam,44907221,hp,898,1500
敌人基础血量,NpcParam,44907233,hp,898,1500
敌人基础血量,NpcParam,44907250,hp,898,1500
敌人基础血量,NpcParam,44907300,hp,898,1500
敌人基础血量,NpcParam,44907333,hp,898,1500
敌人基础血量,NpcParam,44907350,hp,898,1500
敌人基础血量,NpcParam,44907400,hp,898,1500
敌人基础血量,NpcParam,44907450,hp,898,1500
敌人基础血量,NpcParam,44908100,hp,898,1500
敌人基础血量,NpcParam,44908124,hp,898,1500
敌人基础血量,NpcParam,44908300,hp,898,1500
敌人基础血量,NpcParam,44908400,hp,898,1500
敌人基础血量,NpcParam,45000010,hp,3278,10000
敌人基础血量,NpcParam,45000042,hp,3278,10000
敌人基础血量,NpcParam,45008024,hp,3278,7500
敌人基础血量,NpcParam,45010000,hp,11506,12000
敌人基础血量,NpcParam,45010040,hp,11506,15000
敌人基础血量,NpcParam,45020022,hp,3278,7500
敌人基础血量,NpcParam,45020920,hp,3278,10000
敌人基础血量,NpcParam,45021920,hp,3278,10000
敌人基础血量,NpcParam,45021922,hp,3278,10000
敌人基础血量,NpcParam,45021923,hp,3278,20000
敌人基础血量,NpcParam,45030050,hp,3278,25000
敌人基础血量,NpcParam,45050042,hp,2038,6000
敌人基础血量,NpcParam,45100000,hp,3752,10000
敌人基础血量,NpcParam,45100001,hp,3752,20000
敌人基础血量,NpcParam,45100002,hp,3752,20000
敌人基础血量,NpcParam,45100072,hp,3752,4000
敌人基础血量,NpcParam,45100172,hp,3752,8000
敌人基础血量,NpcParam,45100272,hp,3752,8000
敌人基础血量,NpcParam,45100572,hp,3752,8000
敌人基础血量,NpcParam,45101000,hp,3752,4000
敌人基础血量,NpcParam,45101100,hp,6256,7500
敌人基础血量,NpcParam,45101200,hp,6256,7500
敌人基础血量,NpcParam,45101272,hp,6256,7500
敌人基础血量,NpcParam,45102000,hp,3752,4000
敌人基础血量,NpcParam,45102030,hp,3752,20000
敌人基础血量,NpcParam,45102100,hp,6256,7500
敌人基础血量,NpcParam,45102200,hp,6256,7500
敌人基础血量,NpcParam,45102272,hp,6256,7500
敌人基础血量,NpcParam,45110001,hp,6256,30000
敌人基础血量,NpcParam,45200000,hp,7564,25000
敌人基础血量,NpcParam,45200072,hp,7564,25000
敌人基础血量,NpcParam,45200073,hp,7564,30000
敌人基础血量,NpcParam,45200100,hp,7564,18000
敌人基础血量,NpcParam,45500000,hp,1336,3000
敌人基础血量,NpcParam,45500001,hp,1336,8000
敌人基础血量,NpcParam,45500002,hp,1336,11000
敌人基础血量,NpcParam,45500040,hp,1336,3000
敌人基础血量,NpcParam,45500042,hp,1336,3000
敌人基础血量,NpcParam,45501000,hp,1336,3000
敌人基础血量,NpcParam,45501040,hp,1336,3000
敌人基础血量,NpcParam,45502000,hp,1336,3000
敌人基础血量,NpcParam,45502040,hp,1336,3000
敌人基础血量,NpcParam,45502042,hp,1336,3000
敌人基础血量,NpcParam,45503000,hp,1336,3000
敌人基础血量,NpcParam,45503040,hp,1336,3000
敌人基础血量,NpcParam,45504000,hp,1336,3000
敌人基础血量,NpcParam,45504040,hp,1336,3000
敌人基础血量,NpcParam,45505000,hp,1336,3000
敌人基础血量,NpcParam,45505050,hp,1336,3000
敌人基础血量,NpcParam,45506000,hp,1336,3000
敌人基础血量,NpcParam,45506050,hp,1336,3000
敌人基础血量,NpcParam,45506200,hp,1336,3000
敌人基础血量,NpcParam,45506400,hp,1336,3000
敌人基础血量,NpcParam,45506450,hp,1336,3000
敌人基础血量,NpcParam,45506600,hp,1336,3000
敌人基础血量,NpcParam,45506650,hp,1336,3000
敌人基础血量,NpcParam,45508000,hp,1336,4000
敌人基础血量,NpcParam,45508100,hp,1336,4000
敌人基础血量,NpcParam,45600000,hp,2408,4000
敌人基础血量,NpcParam,45600042,hp,2408,4000
敌人基础血量,NpcParam,45601000,hp,2408,4000
敌人基础血量,NpcParam,45601050,hp,2408,4000
敌人基础血量,NpcParam,45601850,hp,2408,4000
敌人基础血量,NpcParam,45609000,hp,2408,5000
敌人基础血量,NpcParam,45610000,hp,3154,5000
敌人基础血量,NpcParam,45610001,hp,3154,9000
敌人基础血量,NpcParam,45610068,hp,3154,5000
敌人基础血量,NpcParam,45700000,hp,1242,2000
敌人基础血量,NpcParam,45700001,hp,1242,8000
敌人基础血量,NpcParam,45700002,hp,1242,6500
敌人基础血量,NpcParam,45800000,hp,3174,20000
敌人基础血量,NpcParam,45800001,hp,3174,20000
敌人基础血量,NpcParam,45800030,hp,3174,25000
敌人基础血量,NpcParam,45801000,hp,3174,20000
敌人基础血量,NpcParam,45801072,hp,3174,20000
敌人基础血量,NpcParam,45802000,hp,3174,20000
敌人基础血量,NpcParam,45802132,hp,3174,20000
敌人基础血量,NpcParam,46010920,hp,3802,18000
敌人基础血量,NpcParam,46021052,hp,3162,7000
敌人基础血量,NpcParam,46030910,hp,2270,3500
敌人基础血量,NpcParam,46030930,hp,2270,8000
敌人基础血量,NpcParam,46200000,hp,5416,15000
敌人基础血量,NpcParam,46200062,hp,5416,20000
敌人基础血量,NpcParam,46200952,hp,5416,25000
敌人基础血量,NpcParam,46201000,hp,1222,2500
敌人基础血量,NpcParam,46202000,hp,1222,2500
敌人基础血量,NpcParam,46202030,hp,1222,2500
敌人基础血量,NpcParam,46209152,hp,1222,2500
敌人基础血量,NpcParam,46300001,hp,5170,8000
敌人基础血量,NpcParam,46400007,hp,5426,6500
敌人基础血量,NpcParam,46400032,hp,5426,15000
敌人基础血量,NpcParam,46400162,hp,5426,15000
敌人基础血量,NpcParam,46400942,hp,5426,10000
敌人基础血量,NpcParam,46400943,hp,5426,11000
敌人基础血量,NpcParam,46400946,hp,5426,9000
敌人基础血量,NpcParam,46400950,hp,5426,12000
敌人基础血量,NpcParam,46500000,hp,4478,15000
敌人基础血量,NpcParam,46500003,hp,4478,18000
敌人基础血量,NpcParam,46500060,hp,4478,15000
敌人基础血量,NpcParam,46500100,hp,4478,15000
敌人基础血量,NpcParam,46500160,hp,4478,15000
敌人基础血量,NpcParam,46500200,hp,2792,5000
敌人基础血量,NpcParam,46500262,hp,2792,17000
敌人基础血量,NpcParam,46500263,hp,2792,17000
敌人基础血量,NpcParam,46500265,hp,2792,17000
敌人基础血量,NpcParam,46500300,hp,544,1500
敌人基础血量,NpcParam,46500352,hp,544,1500
敌人基础血量,NpcParam,46500900,hp,4478,11000
敌人基础血量,NpcParam,46500960,hp,4478,17000
敌人基础血量,NpcParam,46609050,hp,4884,10000
敌人基础血量,NpcParam,46700000,hp,3878,8000
敌人基础血量,NpcParam,46700001,hp,3878,19000
敌人基础血量,NpcParam,46700065,hp,3878,25000
敌人基础血量,NpcParam,46700100,hp,6210,8000
敌人基础血量,NpcParam,46700200,hp,6210,8000
敌人基础血量,NpcParam,46700300,hp,6210,8000
敌人基础血量,NpcParam,46700400,hp,6210,15000
敌人基础血量,NpcParam,46700964,hp,3878,20000
敌人基础血量,NpcParam,46705000,hp,5042,15000
敌人基础血量,NpcParam,46800000,hp,6308,8000
敌人基础血量,NpcParam,46800002,hp,6308,18000
敌人基础血量,NpcParam,46800032,hp,6308,15000
敌人基础血量,NpcParam,46801000,hp,3786,8000
敌人基础血量,NpcParam,46801930,hp,3786,10000
敌人基础血量,NpcParam,46801940,hp,3786,8500
敌人基础血量,NpcParam,46900001,hp,2292,8000
敌人基础血量,NpcParam,46900002,hp,2292,17000
敌人基础血量,NpcParam,46900008,hp,2292,10000
敌人基础血量,NpcParam,46900014,hp,2292,2500
敌人基础血量,NpcParam,46900020,hp,2292,4500
敌人基础血量,NpcParam,46900032,hp,2292,4500
敌人基础血量,NpcParam,46900034,hp,2292,4500
敌人基础血量,NpcParam,47100000,hp,12568,15000
敌人基础血量,NpcParam,47100038,hp,12568,20000
敌人基础血量,NpcParam,47101000,hp,24432,25000
敌人基础血量,NpcParam,47101038,hp,24432,25000
敌人基础血量,NpcParam,47102000,hp,19480,25000
敌人基础血量,NpcParam,47109000,hp,1392,25000
敌人基础血量,NpcParam,47200000,hp,3442,14000
敌人基础血量,NpcParam,47200070,hp,3442,25000
敌人基础血量,NpcParam,47200100,hp,3442,14000
敌人基础血量,NpcParam,47200134,hp,3442,14000
敌人基础血量,NpcParam,47210000,hp,3312,18000
敌人基础血量,NpcParam,47210070,hp,6372,21000
敌人基础血量,NpcParam,47300000,hp,5170,20000
敌人基础血量,NpcParam,47300040,hp,5170,20000
敌人基础血量,NpcParam,47500000,hp,6708,8500
敌人基础血量,NpcParam,47500014,hp,6708,20000
敌人基础血量,NpcParam,47500030,hp,6708,10000
敌人基础血量,NpcParam,47501000,hp,6708,8500
敌人基础血量,NpcParam,47600000,hp,6978,8000
敌人基础血量,NpcParam,47600001,hp,6978,22000
敌人基础血量,NpcParam,47600050,hp,6978,25000
敌人基础血量,NpcParam,47600900,hp,6978,20000
敌人基础血量,NpcParam,47601000,hp,13184,20000
敌人基础血量,NpcParam,47601050,hp,13184,25000
敌人基础血量,NpcParam,47601900,hp,5042,20000
敌人基础血量,NpcParam,47700000,hp,3490,5000
敌人基础血量,NpcParam,47700033,hp,3490,5000
敌人基础血量,NpcParam,47700034,hp,3490,5000
敌人基础血量,NpcParam,47700070,hp,3490,5000
敌人基础血量,NpcParam,47700100,hp,3490,5000
敌人基础血量,NpcParam,47700165,hp,3490,15000
敌人基础血量,NpcParam,47700200,hp,3490,5000
敌人基础血量,NpcParam,47700250,hp,3490,8500
敌人基础血量,NpcParam,47701000,hp,3490,6000
敌人基础血量,NpcParam,47701001,hp,3490,10000
敌人基础血量,NpcParam,47701004,hp,3490,15000
敌人基础血量,NpcParam,47701034,hp,3490,5000
敌人基础血量,NpcParam,47701100,hp,3490,5000
敌人基础血量,NpcParam,47701165,hp,3490,15000
敌人基础血量,NpcParam,47701200,hp,3490,5000
敌人基础血量,NpcParam,47701242,hp,3490,6500
敌人基础血量,NpcParam,47702000,hp,520,600
敌人基础血量,NpcParam,47702034,hp,520,600
敌人基础血量,NpcParam,47702066,hp,520,600
敌人基础血量,NpcParam,47709900,hp,3490,7000
敌人基础血量,NpcParam,47709910,hp,3490,7000
敌人基础血量,NpcParam,48000000,hp,5106,10000
敌人基础血量,NpcParam,48000068,hp,5106,25000
敌人基础血量,NpcParam,48001000,hp,5106,10000
敌人基础血量,NpcParam,48001935,hp,5106,20000
敌人基础血量,NpcParam,48008000,hp,5106,10000
敌人基础血量,NpcParam,48009000,hp,5106,10000
敌人基础血量,NpcParam,48100001,hp,3490,15000
敌人基础血量,NpcParam,48100020,hp,3490,5500
敌人基础血量,NpcParam,48100034,hp,3490,6000
敌人基础血量,NpcParam,48100150,hp,3490,10000
敌人基础血量,NpcParam,48100920,hp,3490,5500
敌人基础血量,NpcParam,48109992,hp,3490,6500
敌人基础血量,NpcParam,48110000,hp,3490,6500
敌人基础血量,NpcParam,48110003,hp,3490,16000
敌人基础血量,NpcParam,48110040,hp,3490,6500
敌人基础血量,NpcParam,48110042,hp,3490,6500
敌人基础血量,NpcParam,48110052,hp,3490,10000
敌人基础血量,NpcParam,48110054,hp,3490,9000
敌人基础血量,NpcParam,48110056,hp,3490,9000
敌人基础血量,NpcParam,48200000,hp,858,2000
敌人基础血量,NpcParam,48200001,hp,858,8000
敌人基础血量,NpcParam,48200002,hp,858,6000
敌人基础血量,NpcParam,48200100,hp,858,2000
敌人基础血量,NpcParam,48200130,hp,858,2000
敌人基础血量,NpcParam,48200134,hp,858,2000
敌人基础血量,NpcParam,48200138,hp,858,2000
敌人基础血量,NpcParam,48200920,hp,858,3000
敌人基础血量,NpcParam,48200930,hp,858,5500
敌人基础血量,NpcParam,48208000,hp,858,2000
敌人基础血量,NpcParam,48208030,hp,858,2000
敌人基础血量,NpcParam,48208034,hp,858,4000
敌人基础血量,NpcParam,48208038,hp,858,4000
敌人基础血量,NpcParam,48208100,hp,858,4000
敌人基础血量,NpcParam,48208138,hp,858,4000
敌人基础血量,NpcParam,49100000,hp,5936,6000
敌人基础血量,NpcParam,49100002,hp,5936,24000
敌人基础血量,NpcParam,49100026,hp,5936,10000
敌人基础血量,NpcParam,49100032,hp,5936,10000
敌人基础血量,NpcParam,49100038,hp,5936,6000
敌人基础血量,NpcParam,49100100,hp,5936,6000
敌人基础血量,NpcParam,49100940,hp,5936,7500
敌人基础血量,NpcParam,49110052,hp,7122,20000
敌人基础血量,NpcParam,49110053,hp,7122,20000
敌人基础血量,NpcParam,49500000,hp,3836,4000
敌人基础血量,NpcParam,49500010,hp,3836,4000
敌人基础血量,NpcParam,49500020,hp,3836,5500
敌人基础血量,NpcParam,49500032,hp,3836,6500
敌人基础血量,NpcParam,49500050,hp,3836,7000
敌人基础血量,NpcParam,49600000,hp,3836,9000
敌人基础血量,NpcParam,49600032,hp,3836,9000
敌人基础血量,NpcParam,49600050,hp,3836,9000
敌人基础血量,NpcParam,49600100,hp,3836,9000
敌人基础血量,NpcParam,49600168,hp,3836,9000
敌人基础血量,NpcParam,49800001,hp,4158,9500
敌人基础血量,NpcParam,49800012,hp,4158,5000
敌人基础血量,NpcParam,49800020,hp,4158,6500
敌人基础血量,NpcParam,49800033,hp,4158,8500
敌人基础血量,NpcParam,49801000,hp,4894,5000
敌人基础血量,NpcParam,49801020,hp,4894,5500
敌人基础血量,NpcParam,49801040,hp,4894,8500
敌人基础血量,NpcParam,49801050,hp,4894,15000
敌人基础血量,NpcParam,49801052,hp,4894,18000
敌人基础血量,NpcParam,49801053,hp,4894,18000
敌人基础血量,NpcParam,49801057,hp,4894,17000
敌人基础血量,NpcParam,50000002,hp,5530,18000
敌人基础血量,NpcParam,50000093,hp,5530,20000
敌人基础血量,NpcParam,50100002,hp,5914,22000
敌人基础血量,NpcParam,50100099,hp,5914,20000
敌人基础血量,NpcParam,50200188,hp,3490,20000
敌人基础血量,NpcParam,50300094,hp,5080,25000
敌人基础血量,NpcParam,50400001,hp,1680,12000
敌人基础血量,NpcParam,50400494,hp,1680,5000
敌人基础血量,NpcParam,50510086,hp,6694,25000
敌人基础血量,NpcParam,50610002,hp,420,15000
敌人基础血量,NpcParam,50610893,hp,420,5000
敌人基础血量,NpcParam,50700001,hp,2240,16000
敌人基础血量,NpcParam,50701095,hp,2240,9000
敌人基础血量,NpcParam,50800000,hp,692,5000
敌人基础血量,NpcParam,50800002,hp,692,17000
敌人基础血量,NpcParam,50807080,hp,692,5000
敌人基础血量,NpcParam,50811087,hp,2188,20000
敌人基础血量,NpcParam,50900587,hp,322,4500
敌人基础血量,NpcParam,51100790,hp,446,5000
敌人基础血量,NpcParam,51200085,hp,5424,25000
敌人基础血量,NpcParam,51300099,hp,5926,25000
敌人基础血量,NpcParam,51301099,hp,5926,25000
敌人基础血量,NpcParam,51400000,hp,5926,25000
敌人基础血量,NpcParam,51400001,hp,5926,25000
敌人基础血量,NpcParam,51400099,hp,5926,25000
敌人基础血量,NpcParam,51410000,hp,5926,25000
敌人基础血量,NpcParam,51410001,hp,5926,25000
敌人基础血量,NpcParam,51410099,hp,5926,25000
敌人基础血量,NpcParam,51600002,hp,1152,14000
敌人基础血量,NpcParam,51602398,hp,806,9000
敌人基础血量,NpcParam,51700002,hp,25600,30000
敌人基础血量,NpcParam,51900001,hp,336,17000
敌人基础血量,NpcParam,51930094,hp,116,8000
敌人基础血量,NpcParam,52000097,hp,6144,25000
敌人基础血量,NpcParam,52100002,hp,4660,25000
敌人基础血量,NpcParam,52100094,hp,4660,25000
敌人基础血量,NpcParam,52200089,hp,6336,25000
敌人基础血量,NpcParam,52201089,hp,6336,25000
敌人基础血量,NpcParam,52202000,hp,6336,25000
敌人基础血量,NpcParam,52300596,hp,2100,25000
敌人基础血量,NpcParam,52500002,hp,906,18000
敌人基础血量,NpcParam,52502089,hp,282,9000
敌人基础血量,NpcParam,52510089,hp,282,7500
敌人基础血量,NpcParam,52600002,hp,1556,20000
敌人基础血量,NpcParam,52602490,hp,1556,15000
敌人基础血量,NpcParam,52700002,hp,794,16000
敌人基础血量,NpcParam,52710298,hp,1332,7500
敌人基础血量,NpcParam,52800086,hp,646,7500
敌人基础血量,NpcParam,53000082,hp,5530,25000
敌人基础血量,NpcParam,53100902,hp,4478,18000
敌人基础血量,NpcParam,53100986,hp,4478,7500
敌人基础血量,NpcParam,53111386,hp,116,8500
敌人基础血量,NpcParam,53120189,hp,692,7500
敌人基础血量,NpcParam,53207089,hp,1152,15000
敌人基础血量,NpcParam,53609383,hp,296,7500
敌人基础血量,NpcParam,53701185,hp,6256,25000
敌人基础血量,NpcParam,56510001,hp,294,10000
敌人基础血量,NpcParam,58000094,hp,1680,25000
敌人基础血量,NpcParam,58108083,hp,2112,25000
敌人基础血量,NpcParam,58200990,hp,5170,15000
敌人基础血量,NpcParam,58309098,hp,384,4000
敌人基础血量,NpcParam,58400002,hp,1024,17000
敌人基础血量,NpcParam,58409098,hp,1024,15000
敌人基础血量,NpcParam,58500190,hp,896,6000
敌人基础血量,NpcParam,58600002,hp,7322,20000
敌人基础血量,NpcParam,58600090,hp,7322,25000
敌人基础血量,NpcParam,58700495,hp,344,5000
敌人基础血量,NpcParam,58727091,hp,344,5000
敌人基础血量,NpcParam,58800002,hp,420,9000
敌人基础血量,NpcParam,58800290,hp,420,5000
敌人基础血量,NpcParam,58900000,hp,896,44800
敌人基础血量,NpcParam,58900001,hp,896,44800
敌人基础血量,NpcParam,58900090,hp,896,44800
敌人基础血量,NpcParam,58900093,hp,896,44800
敌人基础血量,NpcParam,58900190,hp,896,44800
敌人基础血量,NpcParam,59000194,hp,384,5000
敌人基础血量,NpcParam,59311084,hp,1226,5000
敌人基础血量,NpcParam,71000000,hp,2836,3000
敌人基础血量,NpcParam,71000030,hp,2836,7500
敌人基础血量,NpcParam,71000150,hp,1702,2000
敌人基础血量,NpcParam,71000153,hp,1702,7500
敌人基础血量,NpcParam,71000950,hp,2836,7000
敌人基础血量,NpcParam,71000951,hp,2836,7500
敌人基础血量,NpcParam,89010000,hp,4888,25000
敌人基础血量,NpcParam,100000020,hp,2074,2500
敌人基础血量,NpcParam,100000030,hp,2074,2500
敌人基础血量,NpcParam,100000040,hp,2074,2500
敌人基础血量,NpcParam,100000050,hp,2074,2500
敌人基础血量,NpcParam,100000060,hp,2074,2500
敌人基础血量,NpcParam,121000000,hp,1752,2500
敌人基础血量,NpcParam,130101000,hp,2476,2500
敌人基础血量,NpcParam,130102000,hp,2476,2500
敌人基础血量,NpcParam,130801100,hp,898,2500
敌人基础血量,NpcParam,131700000,hp,780,2500
敌人基础血量,NpcParam,132010000,hp,718,2500
敌人基础血量,NpcParam,133001000,hp,1676,2500
敌人基础血量,NpcParam,133002000,hp,1676,2500
敌人基础血量,NpcParam,133201000,hp,2104,2500
敌人基础血量,NpcParam,133500000,hp,1866,2500
敌人基础血量,NpcParam,133600500,hp,2140,2500
敌人基础血量,NpcParam,134502000,hp,1292,2500
敌人基础血量,NpcParam,134701300,hp,1844,2500
敌人基础血量,NpcParam,135000000,hp,730,2500
敌人基础血量,NpcParam,135004000,hp,1126,2500
敌人基础血量,NpcParam,136100000,hp,1140,2500
敌人基础血量,NpcParam,137000000,hp,1946,2500
敌人基础血量,NpcParam,137011000,hp,1036,2500
敌人基础血量,NpcParam,137021000,hp,1562,2500
敌人基础血量,NpcParam,137023000,hp,1704,5500
敌人基础血量,NpcParam,137030000,hp,1946,2500
敌人基础血量,NpcParam,137040000,hp,2330,7500
敌人基础血量,NpcParam,137502000,hp,1002,2500
敌人基础血量,NpcParam,138001000,hp,1752,8500
敌人基础血量,NpcParam,138100000,hp,2266,8500
敌人基础血量,NpcParam,138500000,hp,1126,2500
敌人基础血量,NpcParam,138601100,hp,1292,2500
敌人基础血量,NpcParam,139011000,hp,2316,2500
敌人基础血量,NpcParam,139501000,hp,2074,2500
敌人基础血量,NpcParam,139701100,hp,1292,2500
敌人基础血量,NpcParam,140500000,hp,2074,2500
敌人基础血量,NpcParam,140700000,hp,1000,2500
敌人基础血量,NpcParam,140800000,hp,858,2500
敌人基础血量,NpcParam,141100000,hp,858,1000
敌人基础血量,NpcParam,141660000,hp,1562,2500
敌人基础血量,NpcParam,141800000,hp,1818,2500
敌人基础血量,NpcParam,142100100,hp,1986,2500
敌人基础血量,NpcParam,142102000,hp,1422,2500
敌人基础血量,NpcParam,142900000,hp,1314,2500
敌人基础血量,NpcParam,143000000,hp,858,1000
敌人基础血量,NpcParam,143000200,hp,858,1000
敌人基础血量,NpcParam,143001000,hp,858,1000
敌人基础血量,NpcParam,143002000,hp,1422,2500
敌人基础血量,NpcParam,143005000,hp,858,1000
敌人基础血量,NpcParam,143005100,hp,858,1000
敌人基础血量,NpcParam,143111300,hp,1420,1500
敌人基础血量,NpcParam,143112000,hp,1420,1500
敌人基础血量,NpcParam,143122000,hp,1164,2500
敌人基础血量,NpcParam,143133000,hp,1548,2500
敌人基础血量,NpcParam,143140100,hp,1292,1500
敌人基础血量,NpcParam,143142000,hp,1292,1500
敌人基础血量,NpcParam,143150000,hp,652,1500
敌人基础血量,NpcParam,143151000,hp,652,1500
敌人基础血量,NpcParam,143152000,hp,652,1500
敌人基础血量,NpcParam,143210000,hp,1036,2500
敌人基础血量,NpcParam,143410000,hp,2458,2500
敌人基础血量,NpcParam,143542000,hp,2374,2500
敌人基础血量,NpcParam,143551000,hp,1658,2500
敌人基础血量,NpcParam,143720500,hp,1164,1500
敌人基础血量,NpcParam,143722500,hp,1164,1500
敌人基础血量,NpcParam,143760500,hp,1292,1500
敌人基础血量,NpcParam,143762500,hp,1292,1500
敌人基础血量,NpcParam,144400000,hp,2140,2500
敌人基础血量,NpcParam,144810000,hp,1000,2500
敌人基础血量,NpcParam,144910200,hp,1014,2500
敌人基础血量,NpcParam,148200000,hp,2074,2500
敌人基础血量,NpcParam,170001000,hp,780,2500
敌人基础血量,NpcParam,170002000,hp,908,1500
敌人基础血量,NpcParam,523090010,hp,3102,9000
敌人基础血量,NpcParam,523250066,hp,3102,4500
敌人基础血量,NpcParam,523290066,hp,3102,9000
敌人基础血量,NpcParam,523450010,hp,3102,9000
敌人基础血量,NpcParam,523460030,hp,3102,9000
敌人基础血量,NpcParam,523470050,hp,3102,9000
敌人基础血量,NpcParam,523590024,hp,3102,9000
敌人基础血量,NpcParam,523600034,hp,3102,9000
敌人基础血量,NpcParam,523610066,hp,3102,9000
敌人基础血量,NpcParam,523670050,hp,3102,4500
敌人基础血量,NpcParam,523680062,hp,3102,9000
敌人基础血量,NpcParam,523680065,hp,3102,9000
敌人基础血量,NpcParam,523760930,hp,3102,9000
敌人基础血量,NpcParam,523800034,hp,3102,9000
敌人基础血量,NpcParam,523820050,hp,3102,9000
敌人基础血量,NpcParam,523830050,hp,3102,9000
敌人基础血量,NpcParam,523860000,hp,3102,9000
敌人基础血量,NpcParam,523910030,hp,3102,9000
敌人基础血量,NpcParam,524090100,hp,3102,25000
敌人基础血量,NpcParam,524090190,hp,3102,25000
敌人基础血量,NpcParam,524140289,hp,3102,25000
敌人基础血量,NpcParam,524150289,hp,1862,25000
敌人基础血量,NpcParam,524170289,hp,1862,25000
敌人基础血量,NpcParam,524180198,hp,3102,25000
敌人基础血量,NpcParam,524180199,hp,3102,25000
敌人基础血量,NpcParam,524180289,hp,1862,25000
敌人基础血量,NpcParam,524200190,hp,3102,25000
敌人基础血量,NpcParam,524210000,hp,3102,25000
敌人基础血量,NpcParam,524210001,hp,3102,25000
敌人基础血量,NpcParam,524210090,hp,3102,25000
敌人基础血量,NpcParam,524210095,hp,3102,25000
敌人基础血量,NpcParam,524220000,hp,3102,25000
敌人基础血量,NpcParam,524220001,hp,3102,25000
敌人基础血量,NpcParam,524220083,hp,3102,25000
敌人基础血量,NpcParam,524230000,hp,3102,25000
敌人基础血量,NpcParam,524230090,hp,3102,25000
敌人基础血量,NpcParam,524230091,hp,3102,25000
敌人基础血量,NpcParam,524240000,hp,3102,25000
敌人基础血量,NpcParam,524240080,hp,3102,25000
敌人基础血量,NpcParam,524250190,hp,3102,25000
敌人基础血量,NpcParam,524250289,hp,1862,25000
敌人基础血量,NpcParam,524270000,hp,3102,25000
敌人基础血量,NpcParam,524270001,hp,3102,25000
敌人基础血量,NpcParam,524270084,hp,3102,25000
敌人基础血量,NpcParam,524280000,hp,3102,25000
敌人基础血量,NpcParam,524280090,hp,3102,25000
敌人基础血量,NpcParam,524290000,hp,3102,25000
敌人基础血量,NpcParam,524290086,hp,3102,25000
敌人基础血量,NpcParam,524310000,hp,3102,25000
敌人基础血量,NpcParam,524310080,hp,3102,25000
敌人基础血量,NpcParam,524320000,hp,3102,25000
敌人基础血量,NpcParam,524320082,hp,3102,25000
敌人基础血量,NpcParam,526100052,hp,3102,9000
敌人基础血量,NpcParam,526100965,hp,3102,9000
敌人基础血量,NpcParam,533870056,hp,3102,4500
区域敌人血量,SpEffectParam,7000,maxHpRate,1.0,2.0
区域敌人血量,SpEffectParam,7010,maxHpRate,1.1410000324249268,2.0
区域敌人血量,SpEffectParam,7020,maxHpRate,1.281000018119812,2.0
区域敌人血量,SpEffectParam,7030,maxHpRate,1.656000018119812,3.0
区域敌人血量,SpEffectParam,7040,maxHpRate,1.812999963760376,8.100000381469727
区域敌人血量,SpEffectParam,7050,maxHpRate,1.9529999494552612,5.300000190734863
区域敌人血量,SpEffectParam,7060,maxHpRate,2.2660000324249268,6.099999904632568
区域敌人血量,SpEffectParam,7070,maxHpRate,2.4059998989105225,6.099999904632568
区域敌人血量,SpEffectParam,7080,maxHpRate,2.687999963760376,6.099999904632568
区域敌人血量,SpEffectParam,7090,maxHpRate,3.25,6.599999904632568
区域敌人血量,SpEffectParam,7100,maxHpRate,3.703000068664551,8.300000190734863
区域敌人血量,SpEffectParam,7110,maxHpRate,4.125,8.5
区域敌人血量,SpEffectParam,7120,maxHpRate,4.843999862670898,9.199999809265137
区域敌人血量,SpEffectParam,7130,maxHpRate,5.484000205993652,10.399999618530273
区域敌人血量,SpEffectParam,7140,maxHpRate,6.563000202178955,11.5
区域敌人血量,SpEffectParam,7150,maxHpRate,6.688000202178955,12.699999809265137
区域敌人血量,SpEffectParam,7160,maxHpRate,6.875,11.699999809265137
区域敌人血量,SpEffectParam,7170,maxHpRate,7.046999931335449,11.800000190734863
区域敌人血量,SpEffectParam,7180,maxHpRate,7.203000068664551,12.0
区域敌人血量,SpEffectParam,7190,maxHpRate,7.328000068664551,12.199999809265137
区域敌人血量,SpEffectParam,7200,maxHpRate,7.421999931335449,12.5
区域敌人血量,SpEffectParam,7210,maxHpRate,5.307000160217285,8.899999618530273
区域敌人血量,SpEffectParam,7220,maxHpRate,5.383999824523926,8.899999618530273
区域敌人血量,SpEffectParam,7230,maxHpRate,5.578000068664551,9.100000381469727
区域敌人血量,SpEffectParam,7240,maxHpRate,5.636000156402588,9.199999809265137
区域敌人血量,SpEffectParam,7250,maxHpRate,5.693999767303467,9.199999809265137
区域敌人血量,SpEffectParam,7260,maxHpRate,5.770999908447266,9.300000190734863
区域敌人血量,SpEffectParam,7270,maxHpRate,5.790999889373779,9.399999618530273
区域敌人血量,SpEffectParam,7280,maxHpRate,5.800000190734863,9.399999618530273
区域敌人血量,SpEffectParam,19370,maxHpRate,6.609000205993652,12.0
区域敌人血量,SpEffectParam,20007000,maxHpRate,7.046875,11.800000190734863
区域敌人血量,SpEffectParam,20007010,maxHpRate,7.84375,11.800000190734863
区域敌人血量,SpEffectParam,20007020,maxHpRate,8.609375,11.800000190734863
区域敌人血量,SpEffectParam,20007030,maxHpRate,9.6875,11.800000190734863
区域敌人血量,SpEffectParam,20007040,maxHpRate,10.03125,11.800000190734863
区域敌人血量,SpEffectParam,20007050,maxHpRate,10.75,11.800000190734863
区域敌人血量,SpEffectParam,20007060,maxHpRate,11.453125,11.800000190734863
区域敌人血量,SpEffectParam,20007200,maxHpRate,7.046875,11.800000190734863
区域敌人血量,SpEffectParam,20007210,maxHpRate,7.84375,11.800000190734863
区域敌人血量,SpEffectParam,20007220,maxHpRate,8.609375,11.800000190734863
区域敌人血量,SpEffectParam,20007230,maxHpRate,9.6875,11.800000190734863
区域敌人血量,SpEffectParam,20007240,maxHpRate,10.03125,11.800000190734863
区域敌人血量,SpEffectParam,20007250,maxHpRate,10.75,11.800000190734863
