攻击ID,属性字段,原版,v0.6,v0.7,关联法术ID
40000,atkMag,152,152,266,4000
40010,atkMag,211,211,369,4001
40070,atkMag,148,148,259,4070
40100,atkMag,114,75,200,4010
40200,atkMag,259,259,453,4020
40201,atkMag,324,324,567,4020
40210,atkMag,292,292,511,4021
40211,atkMag,365,365,639,4021
40212,atkMag,365,365,639,4021
40300,atkMag,92,92,138,4030
40301,atkMag,110,110,165,4030
40400,atkMag,87,87,130,4040
40401,atkMag,78,78,117,4040
40402,atkMag,68,68,102,4040
40405,atkMag,99,99,148,4040
40406,atkMag,90,90,135,4040
40407,atkMag,80,80,120,4040
40500,atkMag,79,79,118,4050
40501,atkMag,69,69,104,4050
40502,atkMag,69,69,104,4050
40503,atkMag,59,59,88,4050
40504,atkMag,49,49,74,4050
40505,atkMag,44,44,66,4050
40510,atkMag,88,88,132,4050
40511,atkMag,78,78,117,4050
40512,atkMag,68,68,102,4050
40513,atkMag,63,63,94,4050
40514,atkMag,58,58,87,4050
40515,atkMag,53,53,80,4050
40600,atkMag,36,36,63,4060
40601,atkMag,36,36,63,4060
40801,atkMag,285,285,428,4080
40806,atkMag,332,332,498,4080
40900,atkMag,40,40,60,"4090,4110"
40905,atkMag,45,45,79,4090
41000,atkMag,182,182,273,"4100,4120"
41001,atkMag,205,205,308,4100
41002,atkMag,52,52,78,4100
41003,atkMag,68,68,102,4100
41004,atkMag,68,68,102,4100
41100,atkMag,64,64,96,4110
41101,atkMag,260,260,390,4110
41102,atkMag,64,64,96,4110
41103,atkMag,64,64,96,4110
41200,atkMag,297,297,446,4120
41201,atkMag,297,297,446,4120
41205,atkMag,242,242,363,4120
41206,atkMag,242,242,363,4120
42000,atkMag,55,55,82,4200
42001,atkMag,90,90,135,4200
42002,atkMag,75,75,112,4200
42003,atkMag,100,100,150,4200
42004,atkMag,55,55,82,4200
42100,atkMag,54,49,94,4210
42105,atkMag,60,54,105,4210
42200,atkMag,52,52,78,4220
42201,atkMag,52,52,78,4220
42202,atkMag,49,49,74,4220
42203,atkMag,49,49,74,4220
42204,atkMag,45,45,68,4220
42205,atkMag,45,45,68,4220
42206,atkMag,43,43,64,4220
42207,atkMag,43,43,64,4220
42210,atkMag,65,65,98,4220
42211,atkMag,65,65,98,4220
42212,atkMag,60,60,90,4220
42213,atkMag,60,60,90,4220
42214,atkMag,57,57,86,4220
42215,atkMag,57,57,86,4220
42216,atkMag,54,54,81,4220
42217,atkMag,54,54,81,4220
43000,atkMag,60,60,105,"4001,4070,4300"
43001,atkMag,60,60,105,"4001,4070,4300"
43010,atkMag,48,48,84,"4020,4301"
43011,atkMag,48,48,84,"4020,4301"
43020,atkMag,100,100,175,4302
43021,atkMag,100,100,175,4302
43600,atkMag,360,360,540,"4360,2004320"
43610,atkMag,330,330,412,"4361,2007200"
43702,atkMag,58,58,87,"4360,4370,2004320"
43705,atkMag,58,58,87,4370
43708,atkMag,58,58,87,4370
43711,atkMag,58,58,87,4370
43801,atkMag,270,270,472,4380
43806,atkMag,330,330,578,4380
43811,atkMag,108,108,189,4381
43816,atkMag,127,330,222,4381
43900,atkMag,182,182,318,4390
43905,atkMag,230,230,402,4390
44000,atkMag,199,199,348,4400
44100,atkMag,99,99,124,"4361,4400,4410,2007200"
44101,atkMag,74,74,92,"4361,4400,4410,2007200"
44105,atkMag,104,104,182,4410
44106,atkMag,79,79,138,4410
44300,atkMag,268,268,402,4430
44301,atkMag,268,268,402,4430
44305,atkMag,268,268,402,4430
44306,atkMag,268,268,402,4430
44307,atkMag,272,272,408,4430
44308,atkMag,272,272,408,4430
44310,atkMag,133,133,200,4431
44311,atkMag,133,133,200,4431
44315,atkMag,133,133,200,4431
44316,atkMag,133,133,200,4431
44317,atkMag,137,137,206,4431
44318,atkMag,137,137,206,4431
44319,atkMag,189,189,284,"4021,4431"
44400,atkMag,180,180,270,4440
44401,atkMag,180,180,270,4440
44405,atkMag,180,180,270,4440
44406,atkMag,180,180,270,4440
44407,atkMag,184,184,276,4440
44408,atkMag,184,184,276,4440
44500,atkMag,287,287,502,4450
44501,atkMag,287,287,502,4450
44505,atkMag,355,355,621,4450
44506,atkMag,355,355,621,4450
45000,atkMag,127,127,190,"4030,4500"
45001,atkMag,60,60,90,"4030,4500"
45002,atkMag,51,51,76,"4030,4500"
45005,atkMag,160,160,240,4500
45006,atkMag,75,75,112,4500
45007,atkMag,67,67,100,4500
45100,atkMag,100,100,150,"4080,4510"
45101,atkMag,125,125,188,"4080,4510"
45200,atkMag,57,57,100,4520
45201,atkMag,57,57,100,4520
46000,atkMag,146,146,256,4600
46100,atkMag,111,111,194,4610
46200,atkMag,230,230,402,4620
46201,atkMag,276,276,483,4620
47000,atkMag,100,100,150,"4700,4720,2004500"
47000,atkPhys,180,180,270,"4700,4720,2004500"
47001,atkMag,100,100,150,"4700,4720,2004500"
47001,atkPhys,180,180,270,"4700,4720,2004500"
47010,atkMag,105,105,158,"4701,4721,2007410"
47010,atkPhys,185,185,278,"4701,4721,2007410"
47011,atkMag,105,105,158,"4701,4721,2007410"
47011,atkPhys,185,185,278,"4701,4721,2007410"
47100,atkPhys,102,102,153,"4710,2007420"
47200,atkMag,148,148,222,"4720,2004500"
47205,atkMag,180,180,315,4720
47210,atkMag,44,44,66,"4721,2007410"
47211,atkMag,44,44,66,"4721,2007410"
47215,atkMag,49,49,74,4721
47216,atkMag,49,49,74,4721
48000,atkFire,210,210,262,4800
48003,atkFire,48,48,60,4800
48005,atkFire,250,250,312,4800
48007,atkFire,53,53,66,4800
48100,atkFire,125,125,156,"4810,4830,2007010"
48107,atkFire,125,125,156,"4810,4830,2007010"
48200,atkFire,234,260,292,"4800,4820"
48204,atkFire,318,318,398,"4800,4820"
48206,atkFire,43,43,54,"4800,4820"
48210,atkFire,325,325,406,4820
48214,atkFire,390,390,488,4820
48216,atkFire,48,48,60,4820
48300,atkFire,150,150,188,"4830,2007010"
49000,atkMag,200,200,350,"4900,8000"
49001,atkMag,232,232,406,"4900,8000"
49002,atkMag,233,233,408,"4900,8000"
49100,atkMag,212,212,371,"4900,4910,8001"
50000,atkMag,54,54,68,5000
50005,atkMag,57,57,71,5000
50011,atkMag,49,49,61,5001
50016,atkMag,52,52,65,5001
50100,atkMag,312,312,390,"5001,5010"
50101,atkMag,60,60,105,5010
50300,atkMag,125,125,219,5030
50400,atkThun,513,513,641,"5000,5040"
50405,atkThun,564,564,705,5040
51000,atkMag,54,30,81,5100
51005,atkMag,65,30,98,5100
51010,atkMag,298,298,447,"5100,5110,2004510"
51015,atkMag,355,355,621,5110
60001,atkFire,225,150,338,6000
60011,atkFire,280,280,420,"6000,6001"
60016,atkFire,385,385,578,6001
60100,atkFire,202,202,303,6010
60101,atkFire,202,202,303,6010
60102,atkFire,255,255,382,6010
60103,atkFire,255,255,382,6010
60200,atkFire,115,115,172,6020
60201,atkFire,115,115,172,6020
60202,atkFire,115,115,172,6020
60205,atkFire,140,140,210,6020
60206,atkFire,140,140,210,6020
60207,atkFire,140,140,210,6020
60300,atkFire,96,96,144,"6010,6030"
60305,atkFire,121,121,182,6030
61000,atkFire,325,325,488,"6020,6100,2007820"
61005,atkFire,389,389,681,6100
61100,atkFire,415,415,622,"6110,6120,2007800"
61101,atkFire,35,35,52,"6110,6120,2007800"
61203,atkFire,288,288,432,6120
62101,atkFire,244,244,366,6210
62106,atkFire,300,300,450,6210
62200,atkFire,51,51,76,6220
62300,atkFire,255,255,382,6230
62305,atkFire,299,299,448,6230
62401,atkFire,239,239,418,6270
62406,atkFire,279,279,488,6270
62502,atkFire,106,106,159,"6210,6240"
62503,atkFire,106,106,159,"6210,6240"
62507,atkFire,109,109,164,6240
62508,atkFire,109,109,164,6240
63000,atkFire,236,236,295,6300
63100,atkFire,159,159,199,"6300,6310"
63101,atkFire,44,44,55,"6300,6310"
64100,atkDark,350,350,612,6410
64105,atkDark,420,660,735,6410
65001,atkPhys,20,20,25,6500
65006,atkPhys,20,20,25,6500
67000,atkDark,150,150,262,6700
67001,atkDark,150,150,262,6700
67002,atkDark,150,150,262,6700
67003,atkDark,150,150,262,6700
67010,atkDark,155,155,232,"6701,2007710"
67014,atkDark,155,155,232,"6701,2007710"
67100,atkDark,310,310,465,"6710,2006690,2006700"
67105,atkDark,395,395,592,6710
67200,atkDark,20,20,30,"6710,6720,2006690,2006700,2006710"
67201,atkDark,199,199,298,"6710,6720,2006690,2006700,2006710"
67202,atkDark,61,61,92,"6710,6720,2006690,2006700,2006710"
67500,atkDark,56,56,70,"6701,6750,2007700,2007710"
68000,atkPhys,87,87,152,6800
68100,atkPhys,245,245,429,6810
68200,atkPhys,193,193,338,"6800,6820"
68205,atkPhys,222,222,388,6820
68300,atkPhys,225,225,394,"6810,6830"
69000,atkThun,234,234,351,6900
69001,atkThun,50,50,75,6900
69005,atkThun,293,293,440,6900
69006,atkThun,50,50,75,6900
69100,atkThun,317,317,476,"6910,6940,2006920"
69101,atkThun,50,50,75,"6910,6940,2006920"
69105,atkThun,379,379,568,6910
69106,atkThun,50,50,75,6910
69200,atkThun,246,246,369,"6900,6920"
69201,atkThun,50,50,75,"6900,6920"
69210,atkThun,240,240,420,"6921,6930"
69211,atkThun,307,307,537,"6921,6930"
69300,atkThun,205,205,359,6930
69301,atkThun,50,50,88,6930
69400,atkThun,360,360,540,6940
69401,atkThun,122,122,183,6940
69402,atkThun,285,285,428,6940
69410,atkThun,367,367,459,"6941,6950,2007000,2007730"
69411,atkThun,122,122,152,"6941,6950,2007000,2007730"
69412,atkThun,288,288,360,"6941,6950,2007000,2007730"
69415,atkThun,374,374,561,6941
69416,atkThun,123,123,184,6941
69417,atkThun,292,292,438,6941
69500,atkThun,325,325,488,6950
69501,atkThun,325,325,488,6950
69502,atkThun,167,167,209,"6950,2007000"
70100,atkFire,223,335,279,7010
70101,atkFire,34,34,42,7010
70102,atkFire,223,223,279,7010
70110,atkFire,315,473,394,7011
70111,atkFire,40,40,50,7011
70112,atkFire,315,315,394,7011
70200,atkMag,135,203,169,7020
70210,atkMag,158,237,198,7021
70300,atkPhys,131,197,164,7030
70310,atkPhys,155,233,194,7031
70400,atkMag,159,239,238,7040
70500,atkFire,356,356,445,"7050,2007000"
70501,atkFire,356,356,445,"7050,2007000"
70502,atkThun,241,241,422,7050
70600,atkPhys,395,494,592,7060
70601,atkPhys,410,410,615,7060
70602,atkPhys,395,395,592,7060
70603,atkPhys,410,410,615,7060
70605,atkPhys,253,253,380,7060
70606,atkPhys,263,263,394,7060
70800,atkPhys,628,785,942,7080
70900,atkPhys,320,400,480,"7090,2006800"
72000,atkPhys,60,60,105,7200
72100,atkPhys,52,100,65,"7200,7210"
72101,atkPhys,15,15,19,"7200,7210"
72400,atkPhys,40,40,50,7240
72401,atkPhys,362,362,452,7240
72402,atkPhys,60,60,75,7240
73000,atkPhys,70,70,88,7300
73002,atkPhys,70,70,88,7300
73100,atkFire,107,107,134,"7310,2007300"
73101,atkFire,107,107,134,"7310,2007300"
73105,atkFire,124,124,155,7310
73106,atkFire,124,124,155,7310
73110,atkFire,125,125,156,"7310,7311,2007300"
73111,atkFire,125,125,156,7311
73200,atkFire,250,250,438,7320
73205,atkFire,309,309,541,7320
73300,atkPhys,22,22,38,7330
75000,atkPhys,202,202,354,7500
75005,atkPhys,274,274,480,7500
75100,atkPhys,277,277,485,7510
75101,atkPhys,277,277,485,7510
75105,atkPhys,327,327,572,7510
75106,atkPhys,327,327,572,7510
75200,atkFire,98,98,147,7520
75300,atkDark,225,225,338,7530
75301,atkDark,162,162,243,7530
75302,atkDark,232,232,348,7530
75303,atkDark,169,169,254,7530
75304,atkDark,225,225,338,7530
75305,atkDark,162,162,243,7530
75306,atkDark,232,232,348,7530
75307,atkDark,169,169,254,7530
79000,atkFire,45,45,79,7320
79001,atkFire,183,183,320,7900
79006,atkFire,212,212,371,7900
210431000,atkMag,109,82,191,2004310
210431050,atkMag,127,98,222,2004310
210432000,atkMag,300,300,450,2004320
210432002,atkMag,400,400,600,2004320
210450000,atkMag,216,196,324,2004500
210450050,atkMag,269,239,404,2004500
210451000,atkMag,66,60,116,2004510
210451050,atkMag,75,71,131,2004510
210470000,atkPhys,261,223,457,2004700
210470050,atkPhys,302,223,528,2004700
210471001,atkMag,30,30,38,"2004700,2004710,2004910"
210471002,atkMag,279,279,349,"2004700,2004710,2004910"
210471051,atkMag,40,40,70,2004710
210471052,atkMag,338,338,592,2004710
210500000,atkMag,53,50,93,"2005000,2006200"
210500050,atkMag,63,60,110,2005000
210621000,atkMag,80,80,140,2006210
210621001,atkMag,200,200,350,2006210
210621050,atkMag,100,100,175,2006210
210621051,atkMag,300,300,525,2006210
210630010,atkFire,154,145,270,2006300
210630060,atkFire,163,145,285,2006300
210665000,atkPhys,45,40,56,2006650
210665001,atkPhys,120,70,150,2006650
210666000,atkDark,80,500,100,"2006650,2006660"
210666050,atkDark,100,660,175,2006660
210668000,atkDark,150,350,262,2006680
210668001,atkDark,65,200,114,2006680
210669000,atkDark,100,400,150,"2006690,2006700"
210669050,atkDark,120,800,180,2006690
210670000,atkDark,375,1000,562,2006700
210670001,atkDark,70,350,105,2006700
210671000,atkDark,200,500,300,2006710
210671001,atkDark,40,40,60,2006710
210671050,atkDark,250,750,375,2006710
210671051,atkDark,45,45,68,2006710
210680051,atkPhys,30,30,52,2006800
210680052,atkPhys,200,500,350,2006800
210690000,atkThun,138,300,242,"2006300,2006900"
210690001,atkThun,50,50,88,2006900
210690050,atkThun,164,500,287,2006900
210690051,atkThun,50,50,88,2006900
210692001,atkThun,213,213,373,2006920
210692051,atkThun,262,262,458,2006920
210700000,atkFire,325,1000,406,2007000
210700000,atkThun,210,1000,262,2007000
210700001,atkFire,50,250,62,2007000
210700001,atkThun,20,250,25,2007000
210701001,atkFire,30,300,38,2007010
210701001,atkThun,15,150,19,2007010
210701002,atkFire,150,150,188,2007010
210701002,atkThun,200,200,250,2007010
210721000,atkPhys,180,180,315,2007210
210721050,atkPhys,230,230,402,2007210
210730000,atkFire,75,350,94,2007300
210741000,atkMag,120,120,180,2007410
210741001,atkMag,214,214,321,2007410
210741050,atkMag,160,160,240,2007410
210741051,atkMag,271,271,406,2007410
210742000,atkPhys,253,253,380,2007420
210742050,atkPhys,347,347,520,2007420
210760000,atkDark,100,100,175,2007600
210770000,atkDark,80,80,140,2007700
210770050,atkDark,95,95,166,2007700
210771000,atkDark,215,215,322,2007710
210771050,atkDark,265,265,398,2007710
210772000,atkDark,160,160,280,2007720
210773000,atkPhys,220,160,330,2007730
210773050,atkPhys,275,200,412,2007730
210774000,atkPhys,53,42,93,2007740
210780000,atkFire,168,330,252,2007800
210780050,atkFire,210,500,315,2007800
210781000,atkFire,62,200,93,"2007810,2007820"
210781001,atkFire,62,200,93,"2007810,2007820"
210781050,atkFire,75,200,131,2007810
210781051,atkFire,75,200,131,2007810
210782002,atkFire,50,200,75,2007820
210782003,atkFire,308,308,462,2007820
210782052,atkFire,70,200,105,2007820
210782053,atkFire,411,411,616,2007820
