法术ID,类别,英文名,原版FP,v0.6 FP,v0.7 FP,原版追加FP,v0.6追加FP,v0.7追加FP,伤害类别,追踪攻击数,追踪弹道数,攻击ID,审核状态
4000,魔法,[Sorcery] Glintstone Pebble,7,14,10,0,8,8,普通直击,1,2,40000,已追踪攻击判定
4001,魔法,[Sorcery] Great Glintstone Shard,12,24,18,0,8,8,普通直击,3,4,"40010,43000,43001",已追踪攻击判定
4010,魔法,[Sorcery] Swift Glintstone Shard,5,10,8,0,8,8,普通直击,1,1,40100,已追踪攻击判定
4020,魔法,[Sorcery] Glintstone Cometshard,17,34,26,17,34,26,普通直击,4,4,"40200,40201,43010,43011",已追踪攻击判定
4021,魔法,[Sorcery] Comet,24,48,36,24,48,36,普通直击,4,5,"40210,40211,40212,44319",已追踪攻击判定
4030,魔法,[Sorcery] Shard Spiral,14,28,21,14,28,21,吐息或多段,5,7,"40300,40301,45000,45001,45002",已追踪攻击判定
4040,魔法,[Sorcery] Glintstone Stars,12,24,18,12,24,18,吐息或多段,7,25,"40400,40401,40402,40405,40406,40407,79990",已追踪攻击判定
4050,魔法,[Sorcery] Star Shower,23,46,34,23,46,34,吐息或多段,13,49,"40500,40501,40502,40503,40504,40505,40510,40511,40512,40513,40514,40515,79990",已追踪攻击判定
4060,魔法,[Sorcery] Crystal Barrage,14,28,21,2,8,3,普通直击,2,4,"40600,40601",已追踪攻击判定
4070,魔法,[Sorcery] Glintstone Arc,9,18,14,0,8,8,普通直击,3,11,"40070,43000,43001",已追踪攻击判定
4080,魔法,[Sorcery] Cannon of Haima,38,76,57,38,76,57,吐息或多段,6,7,"40800,40801,40805,40806,45100,45101",已追踪攻击判定
4090,魔法,[Sorcery] Crystal Burst,14,28,21,14,28,21,普通直击,2,6,"40900,40905",已追踪攻击判定
4100,魔法,[Sorcery] Shatter Earth,10,20,15,0,8,8,吐息或多段,5,3,"41000,41001,41002,41003,41004",已追踪攻击判定
4110,魔法,[Sorcery] Rock Blaster,22,44,33,4,8,6,吐息或多段,5,9,"40900,41100,41101,41102,41103",已追踪攻击判定
4120,魔法,[Sorcery] Gavel of Haima,22,44,33,0,8,8,吐息或多段,5,3,"41000,41200,41201,41205,41206",已追踪攻击判定
4130,魔法,[Sorcery] Terra Magicus,20,40,30,0,0,0,普通直击,1,4,41300,已追踪攻击判定
4140,魔法,[Sorcery] Starlight,9,18,14,0,0,0,普通直击,0,0,,需验证特效链
4200,魔法,[Sorcery] Comet Azur,40,80,60,10,20,15,吐息或多段,6,9,"41300,42000,42001,42002,42003,42004",已追踪攻击判定
4210,魔法,[Sorcery] Founding Rain of Stars,27,54,40,27,54,40,普通直击,4,18,"42100,42105,79980,79990",已追踪攻击判定
4220,魔法,[Sorcery] Stars of Ruin,32,64,48,32,64,48,吐息或多段,18,68,"42200,42201,42202,42203,42204,42205,42206,42207,42210,42211,42212,42213,42214,42215,42216,42217,79982,79990",已追踪攻击判定
4300,魔法,[Sorcery] Glintblade Phalanx,18,36,27,0,0,0,普通直击,2,2,"43000,43001",已追踪攻击判定
4301,魔法,[Sorcery] Carian Phalanx,24,48,36,0,0,0,普通直击,2,2,"43010,43011",已追踪攻击判定
4302,魔法,[Sorcery] Greatblade Phalanx,30,60,45,0,0,0,普通直击,2,2,"43020,43021",已追踪攻击判定
4360,魔法,[Sorcery] Rennala's Full Moon,47,94,70,0,0,0,吐息或多段,5,6,"43600,43700,43701,43702,79982",已追踪攻击判定
4361,魔法,[Sorcery] Ranni's Dark Moon,57,114,86,0,0,0,普通直击,4,7,"43610,44100,44101,79982",已追踪攻击判定
4370,魔法,[Sorcery] Magic Downpour,18,36,27,18,36,27,吐息或多段,12,12,"43700,43701,43702,43703,43704,43705,43706,43707,43708,43709,43710,43711",已追踪攻击判定
4380,魔法,[Sorcery] Loretta's Greatbow,24,48,36,24,48,36,普通直击,4,4,"43801,43806,79980,79990",已追踪攻击判定
4381,魔法,[Sorcery] Loretta's Mastery,39,78,58,39,78,58,普通直击,4,12,"43811,43816,79980,79990",已追踪攻击判定
4390,魔法,[Sorcery] Magic Glintblade,12,24,18,12,24,18,普通直击,2,8,"43900,43905",已追踪攻击判定
4400,魔法,[Sorcery] Glintstone Icecrag,12,24,18,0,0,0,普通直击,3,5,"44000,44100,44101",已追踪攻击判定
4410,魔法,[Sorcery] Zamor Ice Storm,17,34,26,17,34,26,普通直击,4,8,"44100,44101,44105,44106",已追踪攻击判定
4420,魔法,[Sorcery] Freezing Mist,20,40,30,20,40,30,状态或持续,2,4,"44200,44205",已追踪攻击判定
4430,魔法,[Sorcery] Carian Greatsword,12,24,18,0,0,0,吐息或多段,6,0,"44300,44301,44305,44306,44307,44308",已追踪攻击判定
4431,魔法,[Sorcery] Adula's Moonblade,22,44,33,0,0,0,吐息或多段,7,8,"44310,44311,44315,44316,44317,44318,44319",已追踪攻击判定
4440,魔法,[Sorcery] Carian Slicer,4,8,6,0,0,0,吐息或多段,6,0,"44400,44401,44405,44406,44407,44408",已追踪攻击判定
4450,魔法,[Sorcery] Carian Piercer,17,34,26,17,34,26,普通直击,4,0,"44500,44501,44505,44506",已追踪攻击判定
4460,魔法,[Sorcery] Scholar's Armament,25,50,38,0,0,0,普通直击,0,0,,需验证特效链
4470,魔法,[Sorcery] Scholar's Shield,30,60,45,0,0,0,普通直击,0,0,,需验证特效链
4480,魔法,[Sorcery] Lucidity,10,20,15,0,0,0,普通直击,1,2,44800,已追踪攻击判定
4490,魔法,[Sorcery] Frozen Armament,20,40,30,0,0,0,普通直击,0,0,,需验证特效链
4500,魔法,[Sorcery] Shattering Crystal,21,42,32,21,42,32,吐息或多段,6,10,"45000,45001,45002,45005,45006,45007",已追踪攻击判定
4510,魔法,[Sorcery] Crystal Release,34,68,51,0,0,0,普通直击,2,9,"45100,45101",已追踪攻击判定
4520,魔法,[Sorcery] Crystal Torrent,20,40,30,5,10,8,普通直击,2,4,"45200,45201",已追踪攻击判定
4600,魔法,[Sorcery] Ambush Shard,13,26,20,0,0,0,普通直击,1,4,46000,已追踪攻击判定
4610,魔法,[Sorcery] Night Shard,7,14,10,0,0,0,普通直击,1,2,46100,已追踪攻击判定
4620,魔法,[Sorcery] Night Comet,21,42,32,21,42,32,普通直击,3,4,"46200,46201,46202",已追踪攻击判定
4630,魔法,[Sorcery] Thops's Barrier,7,14,10,0,0,0,普通直击,1,1,79984,已追踪攻击判定
4640,魔法,[Sorcery] Carian Retaliation,8,16,12,0,0,0,普通直击,1,2,79981,已追踪攻击判定
4641,魔法,[Sorcery] Carian Retaliation (Unused 1),8,16,12,0,0,0,普通直击,1,2,79981,已追踪攻击判定
4642,魔法,[Sorcery] Carian Retaliation (Unused 2),8,16,12,0,0,0,普通直击,1,2,79981,已追踪攻击判定
4650,魔法,[Sorcery] Eternal Darkness,25,50,38,0,0,0,普通直击,1,2,79982,已追踪攻击判定
4660,魔法,[Sorcery] Unseen Blade,13,26,20,0,0,0,普通直击,0,0,,需验证特效链
4670,魔法,[Sorcery] Unseen Form,20,40,30,0,0,0,普通直击,1,1,46701,已追踪攻击判定
4700,魔法,[Sorcery] Meteorite,30,60,45,10,20,15,普通直击,2,24,"47000,47001",已追踪攻击判定
4701,魔法,[Sorcery] Meteorite of Astel,60,120,90,12,24,18,普通直击,2,20,"47010,47011",已追踪攻击判定
4710,魔法,[Sorcery] Rock Sling,18,36,27,0,0,0,普通直击,3,26,"47100,79981,79982",已追踪攻击判定
4720,魔法,[Sorcery] Gravity Well,12,24,18,12,24,18,普通直击,4,6,"47000,47001,47200,47205",已追踪攻击判定
4721,魔法,[Sorcery] Collapsing Stars,18,36,27,18,36,27,吐息或多段,6,13,"47010,47011,47210,47211,47215,47216",已追踪攻击判定
4800,魔法,[Sorcery] Magma Shot,16,32,24,16,32,24,状态或持续,15,18,"48000,48001,48003,48005,48006,48007,48200,48201,48202,48203,48204,48205,48206,79980,79990",已追踪攻击判定
4810,魔法,[Sorcery] Gelmir's Fury,16,32,24,3,8,4,普通直击,2,10,"48100,48107",已追踪攻击判定
4820,魔法,[Sorcery] Roiling Magma,28,56,42,28,56,42,状态或持续,14,16,"48200,48201,48202,48203,48204,48205,48206,48210,48211,48212,48213,48214,48215,48216",已追踪攻击判定
4830,魔法,[Sorcery] Rykard's Rancor,23,46,34,0,0,0,状态或持续,4,9,"48100,48107,48300,79980",已追踪攻击判定
4900,魔法,[Sorcery] Briars of Sin,6,12,9,0,0,0,普通直击,4,10,"49000,49001,49002,49100",已追踪攻击判定
4910,魔法,[Sorcery] Briars of Punishment,9,18,14,0,0,0,普通直击,1,7,49100,已追踪攻击判定
5000,魔法,[Sorcery] Rancorcall,12,24,18,12,24,18,状态或持续,4,14,"50000,50005,50400,50401",已追踪攻击判定
5001,魔法,[Sorcery] Ancient Death Rancor,21,42,32,21,42,32,状态或持续,5,10,"50011,50016,50100,79980,79990",已追踪攻击判定
5010,魔法,[Sorcery] Explosive Ghostflame,29,58,44,0,0,0,普通直击,2,12,"50100,50101",已追踪攻击判定
5020,魔法,[Sorcery] Fia's Mist,25,50,38,25,50,38,状态或持续,2,4,"50200,50205",已追踪攻击判定
5030,魔法,[Sorcery] Tibia's Summons,17,34,26,0,0,0,普通直击,3,9,"50200,50300,79980",已追踪攻击判定
5040,魔法,[Sorcery] Death Lightning,28,56,42,28,56,42,状态或持续,5,11,"50400,50401,50405,50406,79991",已追踪攻击判定
5100,魔法,[Sorcery] Oracle Bubbles,12,24,18,12,24,18,吐息或多段,5,9,"51000,51005,51010,79980,79990",已追踪攻击判定
5110,魔法,[Sorcery] Great Oracular Bubble,16,32,24,16,32,24,普通直击,4,4,"51010,51015,79980,79990",已追踪攻击判定
6000,祷告,[Incantation] Catch Flame,10,20,15,0,0,0,吐息或多段,4,7,"60000,60001,60010,60011",已追踪攻击判定
6001,祷告,"[Incantation] O, Flame!",16,32,24,16,32,24,吐息或多段,4,8,"60010,60011,60015,60016",已追踪攻击判定
6010,祷告,[Incantation] Flame Sling,11,22,16,11,22,16,吐息或多段,5,5,"60100,60101,60102,60103,60300",已追踪攻击判定
6020,祷告,[Incantation] Flame Fall Upon Them,16,32,24,16,32,24,吐息或多段,8,8,"60200,60201,60202,60205,60206,60207,61000,79980",已追踪攻击判定
6030,祷告,"[Incantation] Whirl, O Flame",19,38,28,19,38,28,吐息或多段,2,3,"60300,60305",已追踪攻击判定
6040,祷告,[Incantation] Flame Cleanse Me,14,21,21,0,0,0,吐息或多段,1,3,60400,已追踪攻击判定
6050,祷告,[Incantation] Flame Grant Me Strength,28,56,42,0,0,0,吐息或多段,0,0,,需验证特效链
6060,祷告,[Incantation] Flame Protect Me,30,60,45,0,0,0,吐息或多段,1,0,1606000,已追踪攻击判定
6100,祷告,[Incantation] Giantsflame Take Thee,30,60,45,30,60,45,普通直击,4,4,"61000,61005,79980,79990",已追踪攻击判定
6110,祷告,[Incantation] Flame of The Fell God,34,68,51,0,0,0,吐息或多段,3,10,"61100,61101,79983",已追踪攻击判定
6120,祷告,"[Incantation] Burn, O Flame!",26,52,39,30,60,45,吐息或多段,6,23,"61100,61101,61203,79981,79983,79991",已追踪攻击判定
6210,祷告,[Incantation] Black Flame,18,36,27,18,36,27,吐息或多段,6,8,"62101,62106,62502,62503,79980,79990",已追踪攻击判定
6220,祷告,"[Incantation] Surge, O Flame",1,8,2,0,0,0,吐息或多段,1,1,62200,已追踪攻击判定
6230,祷告,[Incantation] Scouring Black Flame,21,42,32,21,42,32,吐息或多段,2,5,"62300,62305",已追踪攻击判定
6240,祷告,[Incantation] Black Flame Ritual,30,60,45,30,60,45,吐息或多段,5,8,"62502,62503,62507,62508,79990",已追踪攻击判定
6250,祷告,[Incantation] Black Flame Blade,15,30,22,0,0,0,吐息或多段,0,0,,需验证特效链
6260,祷告,[Incantation] Black Flame's Protection,30,60,45,0,0,0,吐息或多段,0,0,,需验证特效链
6270,祷告,[Incantation] Noble Presence,20,40,30,20,40,30,普通直击,3,4,"62401,62406,79991",已追踪攻击判定
6300,祷告,[Incantation] Bloodflame Talons,12,24,18,0,0,0,状态或持续,4,5,"63000,63100,63101,79983",已追踪攻击判定
6310,祷告,[Incantation] Bloodboon,13,26,20,0,0,0,状态或持续,2,4,"63100,63101",已追踪攻击判定
6320,祷告,[Incantation] Bloodflame Blade,20,40,30,0,0,0,状态或持续,0,0,,需验证特效链
6330,祷告,[Incantation] Barrier of Gold,30,60,45,0,0,0,普通直击,2,2,"63300,63301",已追踪攻击判定
6340,祷告,[Incantation] Protection of The Erdtree,30,60,45,0,0,0,普通直击,2,2,"63400,63401",已追踪攻击判定
6400,祷告,[Incantation] Rejection,9,18,14,9,18,14,普通直击,2,2,"64000,64005",已追踪攻击判定
6410,祷告,[Incantation] Wrath of Gold,40,80,60,40,80,60,普通直击,2,2,"64100,64105",已追踪攻击判定
6420,祷告,[Incantation] Urgent Heal,16,32,24,0,0,0,普通直击,1,1,64200,已追踪攻击判定
6421,祷告,[Incantation] Heal,32,64,48,0,0,0,普通直击,2,2,"64210,64211",已追踪攻击判定
6422,祷告,[Incantation] Great Heal,45,90,68,0,0,0,普通直击,2,2,"64220,64221",已追踪攻击判定
6423,祷告,[Incantation] Lord's Heal,55,110,82,0,0,0,普通直击,2,2,"64230,64231",已追踪攻击判定
6424,祷告,[Incantation] Erdtree Heal,65,130,98,0,0,0,普通直击,2,2,"64240,64241",已追踪攻击判定
6430,祷告,[Incantation] Blessing's Boon,30,60,45,0,0,0,普通直击,2,2,"64300,64301",已追踪攻击判定
6431,祷告,[Incantation] Blessing of The Erdtree,60,120,90,0,0,0,普通直击,2,2,"64310,64311",已追踪攻击判定
6440,祷告,[Incantation] Cure Poison,7,14,10,0,0,0,状态或持续,1,1,64400,已追踪攻击判定
6441,祷告,[Incantation] Lord's Aid,12,24,18,0,0,0,普通直击,2,4,"64410,64411",已追踪攻击判定
6450,祷告,[Incantation] Flame Fortification,20,40,30,0,0,0,吐息或多段,0,0,,需验证特效链
6460,祷告,[Incantation] Magic Fortification,20,40,30,0,0,0,普通直击,0,0,,需验证特效链
6470,祷告,[Incantation] Lightning Fortification,20,40,30,0,0,0,普通直击,0,0,,需验证特效链
6480,祷告,[Incantation] Divine Fortification,20,40,30,0,0,0,普通直击,0,0,,需验证特效链
6490,祷告,[Incantation] Lord's Divine Fortification,30,60,45,0,0,0,普通直击,2,2,"64900,64901",已追踪攻击判定
6500,祷告,[Incantation] Night Maiden's Mist,20,40,30,20,40,30,状态或持续,2,6,"65001,65006",已追踪攻击判定
6510,祷告,[Incantation] Assassin's Approach,15,30,22,0,0,0,普通直击,1,1,65101,已追踪攻击判定
6520,祷告,[Incantation] Shadow Bait,15,30,22,0,0,0,普通直击,2,2,"65200,65201",已追踪攻击判定
6530,祷告,[Incantation] Darkness,24,48,36,0,0,0,普通直击,2,2,"65300,65301",已追踪攻击判定
6600,祷告,[Incantation] Golden Vow,47,90,70,0,0,0,普通直击,1,1,66000,已追踪攻击判定
6700,祷告,[Incantation] Discus of Light,3,8,4,0,0,0,普通直击,4,4,"67000,67001,67002,67003",已追踪攻击判定
6701,祷告,[Incantation] Triple Rings of Light,23,46,34,0,0,0,普通直击,3,18,"67010,67014,67500",已追踪攻击判定
6710,祷告,[Incantation] Radagon's Rings of Light,21,42,32,21,42,32,吐息或多段,5,11,"67100,67105,67200,67201,67202",已追踪攻击判定
6720,祷告,[Incantation] Elden Stars,41,82,62,0,0,0,普通直击,3,7,"67200,67201,67202",已追踪攻击判定
6730,祷告,[Incantation] Law of Regression,55,110,82,0,0,0,普通直击,2,7,"67300,67301",已追踪攻击判定
6740,祷告,[Incantation] Immutable Shield,15,30,22,0,0,0,普通直击,0,0,,需验证特效链
6750,祷告,[Incantation] Litany of Proper Death,17,34,26,0,0,0,状态或持续,1,16,67500,已追踪攻击判定
6760,祷告,[Incantation] Law of Causality,22,44,33,0,0,0,普通直击,1,1,67601,已追踪攻击判定
6770,祷告,[Incantation] Order's Blade,22,42,33,0,0,0,普通直击,0,0,,需验证特效链
6780,祷告,[Incantation] Order Healing,15,30,22,0,0,0,普通直击,1,1,67800,已追踪攻击判定
6800,祷告,[Incantation] Bestial Sling,7,14,10,0,0,0,普通直击,2,9,"68000,68200",已追踪攻击判定
6810,祷告,[Incantation] Stone of Gurranq,15,30,22,0,0,0,普通直击,3,10,"68100,68300,79982",已追踪攻击判定
6820,祷告,[Incantation] Beast Claw,10,20,15,10,20,15,普通直击,2,20,"68200,68205",已追踪攻击判定
6830,祷告,[Incantation] Gurranq's Beast Claw,21,42,32,0,0,0,普通直击,1,8,68300,已追踪攻击判定
6840,祷告,[Incantation] Bestial Vitality,18,36,27,0,0,0,普通直击,0,0,,需验证特效链
6850,祷告,[Incantation] Bestial Constitution,10,10,15,0,0,0,普通直击,1,2,68600,已追踪攻击判定
6900,祷告,[Incantation] Lightning Spear,18,36,27,18,36,27,吐息或多段,7,29,"69000,69001,69005,69006,69200,69201,79990",已追踪攻击判定
6910,祷告,[Incantation] Ancient Dragons' Light Strike,36,72,54,36,72,54,吐息或多段,5,38,"69100,69101,69105,69106,79990",已追踪攻击判定
6920,祷告,[Incantation] Lightning Strike,19,38,28,0,0,0,普通直击,2,14,"69200,69201",已追踪攻击判定
6921,祷告,[Incantation] Frozen Lightning Spear,29,58,44,0,0,0,普通直击,2,12,"69210,69211",已追踪攻击判定
6930,祷告,[Incantation] Honed Bolt,12,24,18,0,0,0,普通直击,4,21,"69210,69211,69300,69301",已追踪攻击判定
6940,祷告,[Incantation] Ancient Dragons' Light Spear,25,50,38,0,0,0,吐息或多段,5,29,"69100,69101,69400,69401,69402",已追踪攻击判定
6941,祷告,[Incantation] Fortissax's Light Spear,35,70,52,0,0,0,吐息或多段,6,32,"69410,69411,69412,69415,69416,69417",已追踪攻击判定
6950,祷告,[Incantation] Lansseax's Glaive,22,44,33,0,0,0,吐息或多段,6,30,"69410,69411,69412,69500,69501,69502",已追踪攻击判定
6960,祷告,[Incantation] Electrify Armament,27,54,40,0,0,0,普通直击,0,0,,需验证特效链
6970,祷告,[Incantation] Vyke's Dragonbolt,35,70,52,0,0,0,普通直击,0,0,,需验证特效链
6971,祷告,[Incantation] Dragonbolt Blessing,20,40,30,0,0,0,普通直击,0,0,,需验证特效链
7000,祷告,[Incantation] Dragonfire,28,56,42,4,8,6,吐息或多段,1,4,70000,已追踪攻击判定
7001,祷告,[Incantation] Agheel's Flame,36,72,54,6,12,9,吐息或多段,1,5,70010,已追踪攻击判定
7010,祷告,[Incantation] Magma Breath,30,60,45,0,0,0,状态或持续,4,8,"70100,70101,70102,70109",已追踪攻击判定
7011,祷告,[Incantation] Theodorix's Magma,45,90,68,0,0,0,状态或持续,4,8,"70110,70111,70112,70119",已追踪攻击判定
7020,祷告,[Incantation] Dragonice,36,72,54,4,8,6,状态或持续,1,4,70200,已追踪攻击判定
7021,祷告,[Incantation] Borealis's Mist,48,96,72,6,12,9,状态或持续,1,5,70210,已追踪攻击判定
7030,祷告,[Incantation] Rotten Breath,36,72,54,4,8,6,状态或持续,1,4,70300,已追踪攻击判定
7031,祷告,[Incantation] Ekzykes's Decay,48,96,72,6,12,9,状态或持续,1,5,70310,已追踪攻击判定
7040,祷告,[Incantation] Glintstone Breath,28,56,42,4,8,6,吐息或多段,1,4,70400,已追踪攻击判定
7041,祷告,[Incantation] Smarag's Glint Breath,36,72,54,6,12,9,吐息或多段,1,5,70410,已追踪攻击判定
7050,祷告,[Incantation] Placidusax's Ruin,62,124,93,0,0,0,普通直击,3,7,"70500,70501,70502",已追踪攻击判定
7060,祷告,[Incantation] Dragonclaw,24,48,36,0,0,0,吐息或多段,6,4,"70600,70601,70602,70603,70605,70606",已追踪攻击判定
7080,祷告,[Incantation] Dragonmaw,34,68,51,0,0,0,吐息或多段,1,0,70800,已追踪攻击判定
7090,祷告,[Incantation] Greyoll's Roar,50,100,75,0,0,0,吐息或多段,1,2,70900,已追踪攻击判定
7200,祷告,[Incantation] Pest Threads,19,38,28,0,0,0,普通直击,3,8,"72000,72100,72101",已追踪攻击判定
7210,祷告,[Incantation] Swarm of Flies,14,28,21,0,0,0,状态或持续,2,2,"72100,72101",已追踪攻击判定
7220,祷告,[Incantation] Poison Mist,18,36,27,0,0,0,状态或持续,1,2,72200,已追踪攻击判定
7230,祷告,[Incantation] Poison Armament,15,30,22,0,0,0,状态或持续,0,0,,需验证特效链
7240,祷告,[Incantation] Scarlet Aeonia,48,96,72,0,0,0,状态或持续,3,2,"72400,72401,72402",已追踪攻击判定
7300,祷告,[Incantation] Inescapable Frenzy,22,44,33,0,0,0,状态或持续,3,2,"73000,73002,73010",已追踪攻击判定
7310,祷告,[Incantation] The Flame of Frenzy,16,32,24,16,32,24,状态或持续,6,16,"73100,73101,73105,73106,73109,73110",已追踪攻击判定
7311,祷告,[Incantation] Unendurable Frenzy,22,44,33,6,12,9,状态或持续,3,12,"73110,73111,73112",已追踪攻击判定
7320,祷告,[Incantation] Frenzied Burst,24,48,36,24,48,36,普通直击,3,3,"73200,73205,79000",已追踪攻击判定
7330,祷告,[Incantation] Howl of Shabriri,21,42,32,0,0,0,普通直击,2,3,"73300,73301",已追踪攻击判定
7500,祷告,[Incantation] Aspects of the Crucible: Tail,20,40,30,20,40,30,普通直击,2,1,"75000,75005",已追踪攻击判定
7510,祷告,[Incantation] Aspects of the Crucible: Horns,18,36,27,18,36,27,普通直击,4,0,"75100,75101,75105,75106",已追踪攻击判定
7520,祷告,[Incantation] Aspects of the Crucible: Breath,28,56,42,4,8,6,吐息或多段,1,3,75200,已追踪攻击判定
7530,祷告,[Incantation] Black Blade,26,52,39,0,0,0,吐息或多段,8,8,"75300,75301,75302,75303,75304,75305,75306,75307",已追踪攻击判定
7900,祷告,[Incantation] Fire's Deadly Sin,26,52,39,26,52,39,普通直击,3,3,"79001,79006,79009",已追踪攻击判定
7903,祷告,[Incantation] Golden Light Fortification,30,60,45,0,0,0,普通直击,2,2,"79030,79031",已追踪攻击判定
8000,祷告,[Incantation] Briars of Sin,9,9,14,0,0,0,普通直击,3,3,"49000,49001,49002",已追踪攻击判定
8001,祷告,[Incantation] Briars of Punishment,9,9,14,0,0,0,普通直击,1,7,49100,已追踪攻击判定
2004300,魔法,[Sorcery] Miriam's Vanishing,9,9,14,0,0,0,普通直击,0,0,,需验证特效链
2004310,魔法,[Sorcery] Glintblade Trio,19,19,28,19,19,28,普通直击,2,14,"210431000,210431050",已追踪攻击判定
2004320,魔法,[Sorcery] Rellana's Twin Moons,47,94,70,0,0,0,吐息或多段,7,13,"43600,43700,43701,43702,79982,210432000,210432002",已追踪攻击判定
2004500,魔法,[Sorcery] Glintstone Nail,10,20,15,10,20,15,吐息或多段,5,27,"47000,47001,47200,210450000,210450050",已追踪攻击判定
2004510,魔法,[Sorcery] Glintstone Nails,23,46,34,23,46,34,普通直击,4,24,"51010,79980,210451000,210451050",已追踪攻击判定
2004700,魔法,[Sorcery] Blades of Stone,18,36,27,18,36,27,普通直击,4,44,"210470000,210470050,210471001,210471002",已追踪攻击判定
2004710,魔法,[Sorcery] Gravitational Missile,18,18,27,18,18,27,普通直击,4,19,"210471001,210471002,210471051,210471052",已追踪攻击判定
2004900,魔法,[Sorcery] Mantle of Thorns,9,9,14,0,0,0,状态或持续,0,0,,需验证特效链
2004910,魔法,[Sorcery] Impenetrable Thorns,15,30,22,0,0,0,状态或持续,2,10,"210471001,210471002",已追踪攻击判定
2005000,魔法,[Sorcery] Rings of Spectral Light,14,14,21,14,14,21,普通直击,2,12,"210500000,210500050",已追踪攻击判定
2006200,魔法,[Sorcery] Vortex of Putrescence,29,58,44,29,58,44,普通直击,1,5,210500000,已追踪攻击判定
2006210,魔法,[Sorcery] Mass of Putrescence,41,82,62,41,82,62,普通直击,4,17,"210621000,210621001,210621050,210621051",已追踪攻击判定
2006300,祷告,[Incantation] Furious Blade of Ansbach,18,36,27,18,36,27,普通直击,3,34,"210630010,210630060,210690000",已追踪攻击判定
2006400,祷告,[Incantation] Heal from Afar,45,90,68,0,0,0,普通直击,2,2,"210640000,210640001",已追踪攻击判定
2006650,祷告,[Incantation] Aspects of the Crucible: Thorns,14,28,21,14,28,21,状态或持续,3,14,"210665000,210665001,210666000",已追踪攻击判定
2006660,祷告,[Incantation] Aspects of the Crucible: Bloom,23,23,34,23,23,34,普通直击,2,12,"210666000,210666050",已追踪攻击判定
2006670,祷告,[Incantation] Minor Erdtree,30,60,45,0,0,0,普通直击,1,2,210667000,已追踪攻击判定
2006680,祷告,[Incantation] Land of Shadow,40,40,60,0,0,0,普通直击,2,10,"210668000,210668001",已追踪攻击判定
2006690,祷告,[Incantation] Wrath from Afar,18,18,27,18,18,27,吐息或多段,6,13,"67100,67200,67201,67202,210669000,210669050",已追踪攻击判定
2006700,祷告,[Incantation] Light of Miquella,48,96,72,0,0,0,吐息或多段,7,19,"67100,67200,67201,67202,210669000,210670000,210670001",已追踪攻击判定
2006710,祷告,[Incantation] Multilayered Ring of Light,23,46,34,23,46,34,吐息或多段,7,13,"67200,67201,67202,210671000,210671001,210671050,210671051",已追踪攻击判定
2006800,祷告,[Incantation] Roar of Rugalea,17,34,26,0,8,8,普通直击,3,4,"70900,210680051,210680052",已追踪攻击判定
2006900,祷告,[Incantation] Knight's Lightning Spear,29,58,44,29,58,44,普通直击,4,28,"210690000,210690001,210690050,210690051",已追踪攻击判定
2006910,祷告,[Incantation] Dragonbolt of Florissax,35,35,52,0,0,0,普通直击,2,2,"210691000,210691001",已追踪攻击判定
2006920,祷告,[Incantation] Electrocharge,26,52,39,26,52,39,普通直击,4,15,"69100,69101,210692001,210692051",已追踪攻击判定
2007000,祷告,[Incantation] Bayle's Tyranny,46,92,69,0,0,0,状态或持续,8,38,"69410,69411,69412,69502,70500,70501,210700000,210700001",已追踪攻击判定
2007010,祷告,[Incantation] Bayle's Flame Lightning,43,86,64,0,0,0,状态或持续,6,13,"48100,48107,48300,79980,210701001,210701002",已追踪攻击判定
2007020,祷告,[Incantation] Ghostflame Breath,36,72,54,6,6,9,吐息或多段,1,5,210702000,已追踪攻击判定
2007200,祷告,[Incantation] Rotten Butterflies,48,96,72,48,96,72,状态或持续,4,10,"43610,44100,44101,79982",已追踪攻击判定
2007210,祷告,[Incantation] Pest-Thread Spears,28,28,42,28,28,42,普通直击,2,4,"210721000,210721050",已追踪攻击判定
2007300,祷告,[Incantation] Midra's Flame of Frenzy,22,44,33,5,10,8,状态或持续,5,19,"73100,73101,73110,210730000,210730010",已追踪攻击判定
2007410,魔法,[Sorcery] Fleeting Microcosm,26,52,39,26,52,39,吐息或多段,8,23,"47010,47011,47210,47211,210741000,210741001,210741050,210741051",已追踪攻击判定
2007420,魔法,[Sorcery] Cherishing Fingers,20,40,30,20,40,30,吐息或多段,5,22,"47100,79981,79982,210742000,210742050",已追踪攻击判定
2007600,魔法,[Sorcery] Watchful Spirit,12,12,18,0,0,0,普通直击,1,2,210760000,已追踪攻击判定
2007700,魔法,[Sorcery] Golden Arcs,12,24,18,12,24,18,普通直击,3,19,"67500,210770000,210770050",已追踪攻击判定
2007710,魔法,[Sorcery] Giant Golden Arc,24,48,36,24,48,36,吐息或多段,5,22,"67010,67014,67500,210771000,210771050",已追踪攻击判定
2007720,魔法,[Sorcery] Spira,10,10,15,10,10,15,普通直击,1,5,210772000,已追踪攻击判定
2007730,祷告,[Incantation] Divine Beast Tornado,24,48,36,24,48,36,吐息或多段,6,21,"69410,69411,69412,210773000,210773010,210773050",已追踪攻击判定
2007740,祷告,[Incantation] Divine Bird Feathers,3,3,4,3,3,4,普通直击,1,1,210774000,已追踪攻击判定
2007800,祷告,[Incantation] Fire Serpent,11,22,16,11,22,16,吐息或多段,5,18,"61100,61101,79983,210780000,210780050",已追踪攻击判定
2007810,祷告,[Incantation] Rain of Fire,27,27,40,27,27,40,普通直击,4,16,"210781000,210781001,210781050,210781051",已追踪攻击判定
2007820,祷告,[Incantation] Messmer's Orb,31,62,46,31,62,46,吐息或多段,8,14,"61000,79980,210781000,210781001,210782002,210782003,210782052,210782053",已追踪攻击判定
