法术ID,英文名,效果ID,v0.6持续时间,原版持续时间,v0.7持续时间,与原版不同字段数,处理
4140,[Sorcery] Starlight,1414000,1800.0,180.0,270.0,2,恢复原版效果结构，持续时间约 1.5 倍；更改过的附魔定值约 1.5 倍
4460,[Sorcery] Scholar's Armament,1446000,1200.0,90.0,135.0,14,恢复原版效果结构，持续时间约 1.5 倍；更改过的附魔定值约 1.5 倍
4470,[Sorcery] Scholar's Shield,1447000,1200.0,60.0,90.0,10,恢复原版效果结构，持续时间约 1.5 倍；更改过的附魔定值约 1.5 倍
4490,[Sorcery] Frozen Armament,1449000,1800.0,60.0,90.0,12,恢复原版效果结构，持续时间约 1.5 倍；更改过的附魔定值约 1.5 倍
4660,[Sorcery] Unseen Blade,1466000,45.0,45.0,67.5,1,恢复原版效果结构，持续时间约 1.5 倍；更改过的附魔定值约 1.5 倍
6050,[Incantation] Flame Grant Me Strength,1605000,1800.0,30.0,45.0,12,恢复原版效果结构，持续时间约 1.5 倍；更改过的附魔定值约 1.5 倍
6250,[Incantation] Black Flame Blade,1626000,1800.0,7.0,10.5,13,恢复原版效果结构，持续时间约 1.5 倍；更改过的附魔定值约 1.5 倍
6260,[Incantation] Black Flame's Protection,1627000,1800.0,70.0,105.0,7,恢复原版效果结构，持续时间约 1.5 倍；更改过的附魔定值约 1.5 倍
6320,[Incantation] Bloodflame Blade,1632000,1800.0,60.0,90.0,13,恢复原版效果结构，持续时间约 1.5 倍；更改过的附魔定值约 1.5 倍
6450,[Incantation] Flame Fortification,1645000,1800.0,90.0,135.0,4,恢复原版效果结构，持续时间约 1.5 倍；更改过的附魔定值约 1.5 倍
6460,[Incantation] Magic Fortification,1646000,1800.0,90.0,135.0,4,恢复原版效果结构，持续时间约 1.5 倍；更改过的附魔定值约 1.5 倍
6470,[Incantation] Lightning Fortification,1647000,1800.0,90.0,135.0,4,恢复原版效果结构，持续时间约 1.5 倍；更改过的附魔定值约 1.5 倍
6480,[Incantation] Divine Fortification,1648000,1800.0,90.0,135.0,4,恢复原版效果结构，持续时间约 1.5 倍；更改过的附魔定值约 1.5 倍
6740,[Incantation] Immutable Shield,1674000,10.0,30.0,45.0,3,恢复原版效果结构，持续时间约 1.5 倍；更改过的附魔定值约 1.5 倍
6770,[Incantation] Order's Blade,1677000,1800.0,90.0,135.0,12,恢复原版效果结构，持续时间约 1.5 倍；更改过的附魔定值约 1.5 倍
6840,[Incantation] Bestial Vitality,1685000,1800.0,120.0,180.0,4,恢复原版效果结构，持续时间约 1.5 倍；更改过的附魔定值约 1.5 倍
6960,[Incantation] Electrify Armament,1696000,1800.0,90.0,135.0,13,恢复原版效果结构，持续时间约 1.5 倍；更改过的附魔定值约 1.5 倍
6970,[Incantation] Vyke's Dragonbolt,1697000,1800.0,70.0,105.0,14,恢复原版效果结构，持续时间约 1.5 倍；更改过的附魔定值约 1.5 倍
6970,[Incantation] Vyke's Dragonbolt,1697001,1800.0,70.0,105.0,3,恢复原版效果结构，持续时间约 1.5 倍；更改过的附魔定值约 1.5 倍
6971,[Incantation] Dragonbolt Blessing,1697100,1800.0,70.0,105.0,10,恢复原版效果结构，持续时间约 1.5 倍；更改过的附魔定值约 1.5 倍
7230,[Incantation] Poison Armament,1723000,1800.0,60.0,90.0,10,恢复原版效果结构，持续时间约 1.5 倍；更改过的附魔定值约 1.5 倍
2004300,[Sorcery] Miriam's Vanishing,21430000,1.0,1.0,1.5,1,恢复原版效果结构，持续时间约 1.5 倍；更改过的附魔定值约 1.5 倍
2004900,[Sorcery] Mantle of Thorns,21490000,30.0,30.0,45.0,1,恢复原版效果结构，持续时间约 1.5 倍；更改过的附魔定值约 1.5 倍
