护符ID,中文名,效果ID,字段,v0.8,v0.9,含义
2090,短剑护符,320900,physicsAttackRate,2.0,5.0,指定触发条件下，原伤害额外 +400%；仅处理原效果行
2090,短剑护符,320900,magicAttackRate,2.0,5.0,指定触发条件下，原伤害额外 +400%；仅处理原效果行
2090,短剑护符,320900,fireAttackRate,2.0,5.0,指定触发条件下，原伤害额外 +400%；仅处理原效果行
2090,短剑护符,320900,thunderAttackRate,2.0,5.0,指定触发条件下，原伤害额外 +400%；仅处理原效果行
2090,短剑护符,320900,darkAttackRate,2.0,5.0,指定触发条件下，原伤害额外 +400%；仅处理原效果行
2120,双头剑护符,321200,physicsAttackRate,1.5,2.5,指定触发条件下，原伤害额外 +150%；仅处理原效果行
2120,双头剑护符,321200,magicAttackRate,1.5,2.5,指定触发条件下，原伤害额外 +150%；仅处理原效果行
2120,双头剑护符,321200,fireAttackRate,1.5,2.5,指定触发条件下，原伤害额外 +150%；仅处理原效果行
2120,双头剑护符,321200,thunderAttackRate,1.5,2.5,指定触发条件下，原伤害额外 +150%；仅处理原效果行
2120,双头剑护符,321200,darkAttackRate,1.5,2.5,指定触发条件下，原伤害额外 +150%；仅处理原效果行
2130,斧护符,321300,physicsAttackRate,1.5,4.2,指定触发条件下，原伤害额外 +320%；仅处理原效果行
2130,斧护符,321300,magicAttackRate,1.5,4.2,指定触发条件下，原伤害额外 +320%；仅处理原效果行
2130,斧护符,321300,fireAttackRate,1.5,4.2,指定触发条件下，原伤害额外 +320%；仅处理原效果行
2130,斧护符,321300,thunderAttackRate,1.5,4.2,指定触发条件下，原伤害额外 +320%；仅处理原效果行
2130,斧护符,321300,darkAttackRate,1.5,4.2,指定触发条件下，原伤害额外 +320%；仅处理原效果行
2180,爪护符,321800,physicsAttackRate,1.8,2.5,指定触发条件下，原伤害额外 +150%；仅处理原效果行
2180,爪护符,321800,magicAttackRate,1.8,2.5,指定触发条件下，原伤害额外 +150%；仅处理原效果行
2180,爪护符,321800,fireAttackRate,1.8,2.5,指定触发条件下，原伤害额外 +150%；仅处理原效果行
2180,爪护符,321800,thunderAttackRate,1.8,2.5,指定触发条件下，原伤害额外 +150%；仅处理原效果行
2180,爪护符,321800,darkAttackRate,1.8,2.5,指定触发条件下，原伤害额外 +150%；仅处理原效果行
2200,曲剑护符,322000,physicsAttackRate,1.5,4.0,指定触发条件下，原伤害额外 +300%；仅处理原效果行
2200,曲剑护符,322000,magicAttackRate,1.5,4.0,指定触发条件下，原伤害额外 +300%；仅处理原效果行
2200,曲剑护符,322000,fireAttackRate,1.5,4.0,指定触发条件下，原伤害额外 +300%；仅处理原效果行
2200,曲剑护符,322000,thunderAttackRate,1.5,4.0,指定触发条件下，原伤害额外 +300%；仅处理原效果行
2200,曲剑护符,322000,darkAttackRate,1.5,4.0,指定触发条件下，原伤害额外 +300%；仅处理原效果行
4100,大盾护符,341000,guardStaminaCutRate,0.9,0.1,格挡精力消耗降低 90%，原消耗乘 0.1
