武器ID,英文名,属性字段,Ascended v0.8,官方1.17.1,说明
40000000,Shortbow,attackBaseMagic,65,0,弓本体改动；与硬箭护符倍率独立
40010000,Misbegotten Shortbow,attackBaseFire,68,0,弓本体改动；与硬箭护符倍率独立
40020000,Red Branch Shortbow,attackBaseThunder,65,0,弓本体改动；与硬箭护符倍率独立
40030000,Harp Bow,attackBaseDark,62,0,弓本体改动；与硬箭护符倍率独立
40050000,Composite Bow,attackBaseMagic,65,0,弓本体改动；与硬箭护符倍率独立
41000000,Longbow,attackBaseMagic,80,0,弓本体改动；与硬箭护符倍率独立
41010000,Albinauric Bow,attackBaseThunder,82,0,弓本体改动；与硬箭护符倍率独立
41020000,Horn Bow,attackBaseMagic,65,30,弓本体改动；与硬箭护符倍率独立
41030000,Erdtree Bow,attackBaseDark,40,50,弓本体改动；与硬箭护符倍率独立
41040000,Serpent Bow,attackBaseFire,75,0,弓本体改动；与硬箭护符倍率独立
41060000,Pulley Bow,attackBaseMagic,77,0,弓本体改动；与硬箭护符倍率独立
41070000,Black Bow,attackBaseThunder,70,0,弓本体改动；与硬箭护符倍率独立
42000000,Lion Greatbow,attackBaseThunder,120,0,弓本体改动；与硬箭护符倍率独立
42010000,Golem Greatbow,attackBaseFire,130,0,弓本体改动；与硬箭护符倍率独立
42030000,Erdtree Greatbow,attackBasePhysics,90,60,弓本体改动；与硬箭护符倍率独立
42030000,Erdtree Greatbow,attackBaseDark,90,65,弓本体改动；与硬箭护符倍率独立
42040000,Greatbow,attackBaseMagic,125,0,弓本体改动；与硬箭护符倍率独立
